SampleID,TYPE,Value,DL
A0,CRM,<0.02,0.01
A1,BLK,ND,0.005
A2,DUP,1.5,
A3,CRM,<0.02,0.01
A4,BLK,ND,0.005
A5,DUP,1.5,
A6,CRM,<0.02,0.01
A7,BLK,ND,0.005
A8,DUP,1.5,
A9,CRM,<0.02,0.01
A10,BLK,ND,0.005
A11,DUP,1.5,
A12,CRM,<0.02,0.01
A13,BLK,ND,0.005
A14,DUP,1.5,
A15,CRM,<0.02,0.01
A16,BLK,ND,0.005
A17,DUP,1.5,
A18,CRM,<0.02,0.01
A19,BLK,ND,0.005
A20,DUP,1.5,
A21,CRM,<0.02,0.01
A22,BLK,ND,0.005
A23,DUP,1.5,
A24,CRM,<0.02,0.01
A25,BLK,ND,0.005
A26,DUP,1.5,
A27,CRM,<0.02,0.01
A28,BLK,ND,0.005
A29,DUP,1.5,
A30,CRM,<0.02,0.01
A31,BLK,ND,0.005
A32,DUP,1.5,
A33,CRM,<0.02,0.01
A34,BLK,ND,0.005
A35,DUP,1.5,
A36,CRM,<0.02,0.01
A37,BLK,ND,0.005
A38,DUP,1.5,
A39,CRM,<0.02,0.01
A40,BLK,ND,0.005
A41,DUP,1.5,
A42,CRM,<0.02,0.01
A43,BLK,ND,0.005
A44,DUP,1.5,
A45,CRM,<0.02,0.01
A46,BLK,ND,0.005
A47,DUP,1.5,
A48,CRM,<0.02,0.01
A49,BLK,ND,0.005
A50,DUP,1.5,
A51,CRM,<0.02,0.01
A52,BLK,ND,0.005
A53,DUP,1.5,
A54,CRM,<0.02,0.01
A55,BLK,ND,0.005
A56,DUP,1.5,
A57,CRM,<0.02,0.01
A58,BLK,ND,0.005
A59,DUP,1.5,
A60,CRM,<0.02,0.01
A61,BLK,ND,0.005
A62,DUP,1.5,
A63,CRM,<0.02,0.01
A64,BLK,ND,0.005
A65,DUP,1.5,
A66,CRM,<0.02,0.01
A67,BLK,ND,0.005
A68,DUP,1.5,
A69,CRM,<0.02,0.01
A70,BLK,ND,0.005
A71,DUP,1.5,
A72,CRM,<0.02,0.01
A73,BLK,ND,0.005
A74,DUP,1.5,
A75,CRM,<0.02,0.01
A76,BLK,ND,0.005
A77,DUP,1.5,
A78,CRM,<0.02,0.01
A79,BLK,ND,0.005
A80,DUP,1.5,
A81,CRM,<0.02,0.01
A82,BLK,ND,0.005
A83,DUP,1.5,
A84,CRM,<0.02,0.01
A85,BLK,ND,0.005
A86,DUP,1.5,
A87,CRM,<0.02,0.01
A88,BLK,ND,0.005
A89,DUP,1.5,
A90,CRM,<0.02,0.01
A91,BLK,ND,0.005
A92,DUP,1.5,
A93,CRM,<0.02,0.01
A94,BLK,ND,0.005
A95,DUP,1.5,
A96,CRM,<0.02,0.01
A97,BLK,ND,0.005
A98,DUP,1.5,
A99,CRM,<0.02,0.01
A100,BLK,ND,0.005
A101,DUP,1.5,
A102,CRM,<0.02,0.01
A103,BLK,ND,0.005
A104,DUP,1.5,
A105,CRM,<0.02,0.01
A106,BLK,ND,0.005
A107,DUP,1.5,
A108,CRM,<0.02,0.01
A109,BLK,ND,0.005
A110,DUP,1.5,
A111,CRM,<0.02,0.01
A112,BLK,ND,0.005
A113,DUP,1.5,
A114,CRM,<0.02,0.01
A115,BLK,ND,0.005
A116,DUP,1.5,
A117,CRM,<0.02,0.01
A118,BLK,ND,0.005
A119,DUP,1.5,
A120,CRM,<0.02,0.01
A121,BLK,ND,0.005
A122,DUP,1.5,
A123,CRM,<0.02,0.01
A124,BLK,ND,0.005
A125,DUP,1.5,
A126,CRM,<0.02,0.01
A127,BLK,ND,0.005
A128,DUP,1.5,
A129,CRM,<0.02,0.01
A130,BLK,ND,0.005
A131,DUP,1.5,
A132,CRM,<0.02,0.01
A133,BLK,ND,0.005
A134,DUP,1.5,
A135,CRM,<0.02,0.01
A136,BLK,ND,0.005
A137,DUP,1.5,
A138,CRM,<0.02,0.01
A139,BLK,ND,0.005
A140,DUP,1.5,
A141,CRM,<0.02,0.01
A142,BLK,ND,0.005
A143,DUP,1.5,
A144,CRM,<0.02,0.01
A145,BLK,ND,0.005
A146,DUP,1.5,
A147,CRM,<0.02,0.01
A148,BLK,ND,0.005
A149,DUP,1.5,
A150,CRM,<0.02,0.01
A151,BLK,ND,0.005
A152,DUP,1.5,
A153,CRM,<0.02,0.01
A154,BLK,ND,0.005
A155,DUP,1.5,
A156,CRM,<0.02,0.01
A157,BLK,ND,0.005
A158,DUP,1.5,
A159,CRM,<0.02,0.01
A160,BLK,ND,0.005
A161,DUP,1.5,
A162,CRM,<0.02,0.01
A163,BLK,ND,0.005
A164,DUP,1.5,
A165,CRM,<0.02,0.01
A166,BLK,ND,0.005
A167,DUP,1.5,
A168,CRM,<0.02,0.01
A169,BLK,ND,0.005
A170,DUP,1.5,
A171,CRM,<0.02,0.01
A172,BLK,ND,0.005
A173,DUP,1.5,
A174,CRM,<0.02,0.01
A175,BLK,ND,0.005
A176,DUP,1.5,
A177,CRM,<0.02,0.01
A178,BLK,ND,0.005
A179,DUP,1.5,
A180,CRM,<0.02,0.01
A181,BLK,ND,0.005
A182,DUP,1.5,
A183,CRM,<0.02,0.01
A184,BLK,ND,0.005
A185,DUP,1.5,
A186,CRM,<0.02,0.01
A187,BLK,ND,0.005
A188,DUP,1.5,
A189,CRM,<0.02,0.01
A190,BLK,ND,0.005
A191,DUP,1.5,
A192,CRM,<0.02,0.01
A193,BLK,ND,0.005
A194,DUP,1.5,
A195,CRM,<0.02,0.01
A196,BLK,ND,0.005
A197,DUP,1.5,
A198,CRM,<0.02,0.01
A199,BLK,ND,0.005
A200,DUP,1.5,
A201,CRM,<0.02,0.01
A202,BLK,ND,0.005
A203,DUP,1.5,
A204,CRM,<0.02,0.01
A205,BLK,ND,0.005
A206,DUP,1.5,
A207,CRM,<0.02,0.01
A208,BLK,ND,0.005
A209,DUP,1.5,
A210,CRM,<0.02,0.01
A211,BLK,ND,0.005
A212,DUP,1.5,
A213,CRM,<0.02,0.01
A214,BLK,ND,0.005
A215,DUP,1.5,
A216,CRM,<0.02,0.01
A217,BLK,ND,0.005
A218,DUP,1.5,
A219,CRM,<0.02,0.01
A220,BLK,ND,0.005
A221,DUP,1.5,
A222,CRM,<0.02,0.01
A223,BLK,ND,0.005
A224,DUP,1.5,
A225,CRM,<0.02,0.01
A226,BLK,ND,0.005
A227,DUP,1.5,
A228,CRM,<0.02,0.01
A229,BLK,ND,0.005
A230,DUP,1.5,
A231,CRM,<0.02,0.01
A232,BLK,ND,0.005
A233,DUP,1.5,
A234,CRM,<0.02,0.01
A235,BLK,ND,0.005
A236,DUP,1.5,
A237,CRM,<0.02,0.01
A238,BLK,ND,0.005
A239,DUP,1.5,
A240,CRM,<0.02,0.01
A241,BLK,ND,0.005
A242,DUP,1.5,
A243,CRM,<0.02,0.01
A244,BLK,ND,0.005
A245,DUP,1.5,
A246,CRM,<0.02,0.01
A247,BLK,ND,0.005
A248,DUP,1.5,
A249,CRM,<0.02,0.01
A250,BLK,ND,0.005
A251,DUP,1.5,
A252,CRM,<0.02,0.01
A253,BLK,ND,0.005
A254,DUP,1.5,
A255,CRM,<0.02,0.01
A256,BLK,ND,0.005
A257,DUP,1.5,
A258,CRM,<0.02,0.01
A259,BLK,ND,0.005
A260,DUP,1.5,
A261,CRM,<0.02,0.01
A262,BLK,ND,0.005
A263,DUP,1.5,
A264,CRM,<0.02,0.01
A265,BLK,ND,0.005
A266,DUP,1.5,
A267,CRM,<0.02,0.01
A268,BLK,ND,0.005
A269,DUP,1.5,
A270,CRM,<0.02,0.01
A271,BLK,ND,0.005
A272,DUP,1.5,
A273,CRM,<0.02,0.01
A274,BLK,ND,0.005
A275,DUP,1.5,
A276,CRM,<0.02,0.01
A277,BLK,ND,0.005
A278,DUP,1.5,
A279,CRM,<0.02,0.01
A280,BLK,ND,0.005
A281,DUP,1.5,
A282,CRM,<0.02,0.01
A283,BLK,ND,0.005
A284,DUP,1.5,
A285,CRM,<0.02,0.01
A286,BLK,ND,0.005
A287,DUP,1.5,
A288,CRM,<0.02,0.01
A289,BLK,ND,0.005
A290,DUP,1.5,
A291,CRM,<0.02,0.01
A292,BLK,ND,0.005
A293,DUP,1.5,
A294,CRM,<0.02,0.01
A295,BLK,ND,0.005
A296,DUP,1.5,
A297,CRM,<0.02,0.01
A298,BLK,ND,0.005
A299,DUP,1.5,
A300,CRM,<0.02,0.01
A301,BLK,ND,0.005
A302,DUP,1.5,
A303,CRM,<0.02,0.01
A304,BLK,ND,0.005
A305,DUP,1.5,
A306,CRM,<0.02,0.01
A307,BLK,ND,0.005
A308,DUP,1.5,
A309,CRM,<0.02,0.01
A310,BLK,ND,0.005
A311,DUP,1.5,
A312,CRM,<0.02,0.01
A313,BLK,ND,0.005
A314,DUP,1.5,
A315,CRM,<0.02,0.01
A316,BLK,ND,0.005
A317,DUP,1.5,
A318,CRM,<0.02,0.01
A319,BLK,ND,0.005
A320,DUP,1.5,
A321,CRM,<0.02,0.01
A322,BLK,ND,0.005
A323,DUP,1.5,
A324,CRM,<0.02,0.01
A325,BLK,ND,0.005
A326,DUP,1.5,
A327,CRM,<0.02,0.01
A328,BLK,ND,0.005
A329,DUP,1.5,
A330,CRM,<0.02,0.01
A331,BLK,ND,0.005
A332,DUP,1.5,
A333,CRM,<0.02,0.01
A334,BLK,ND,0.005
A335,DUP,1.5,
A336,CRM,<0.02,0.01
A337,BLK,ND,0.005
A338,DUP,1.5,
A339,CRM,<0.02,0.01
A340,BLK,ND,0.005
A341,DUP,1.5,
A342,CRM,<0.02,0.01
A343,BLK,ND,0.005
A344,DUP,1.5,
A345,CRM,<0.02,0.01
A346,BLK,ND,0.005
A347,DUP,1.5,
A348,CRM,<0.02,0.01
A349,BLK,ND,0.005
A350,DUP,1.5,
A351,CRM,<0.02,0.01
A352,BLK,ND,0.005
A353,DUP,1.5,
A354,CRM,<0.02,0.01
A355,BLK,ND,0.005
A356,DUP,1.5,
A357,CRM,<0.02,0.01
A358,BLK,ND,0.005
A359,DUP,1.5,
A360,CRM,<0.02,0.01
A361,BLK,ND,0.005
A362,DUP,1.5,
A363,CRM,<0.02,0.01
A364,BLK,ND,0.005
A365,DUP,1.5,
A366,CRM,<0.02,0.01
A367,BLK,ND,0.005
A368,DUP,1.5,
A369,CRM,<0.02,0.01
A370,BLK,ND,0.005
A371,DUP,1.5,
A372,CRM,<0.02,0.01
A373,BLK,ND,0.005
A374,DUP,1.5,
A375,CRM,<0.02,0.01
A376,BLK,ND,0.005
A377,DUP,1.5,
A378,CRM,<0.02,0.01
A379,BLK,ND,0.005
A380,DUP,1.5,
A381,CRM,<0.02,0.01
A382,BLK,ND,0.005
A383,DUP,1.5,
A384,CRM,<0.02,0.01
A385,BLK,ND,0.005
A386,DUP,1.5,
A387,CRM,<0.02,0.01
A388,BLK,ND,0.005
A389,DUP,1.5,
A390,CRM,<0.02,0.01
A391,BLK,ND,0.005
A392,DUP,1.5,
A393,CRM,<0.02,0.01
A394,BLK,ND,0.005
A395,DUP,1.5,
A396,CRM,<0.02,0.01
A397,BLK,ND,0.005
A398,DUP,1.5,
A399,CRM,<0.02,0.01
A400,BLK,ND,0.005
A401,DUP,1.5,
A402,CRM,<0.02,0.01
A403,BLK,ND,0.005
A404,DUP,1.5,
A405,CRM,<0.02,0.01
A406,BLK,ND,0.005
A407,DUP,1.5,
A408,CRM,<0.02,0.01
A409,BLK,ND,0.005
A410,DUP,1.5,
A411,CRM,<0.02,0.01
A412,BLK,ND,0.005
A413,DUP,1.5,
A414,CRM,<0.02,0.01
A415,BLK,ND,0.005
A416,DUP,1.5,
A417,CRM,<0.02,0.01
A418,BLK,ND,0.005
A419,DUP,1.5,
A420,CRM,<0.02,0.01
A421,BLK,ND,0.005
A422,DUP,1.5,
A423,CRM,<0.02,0.01
A424,BLK,ND,0.005
A425,DUP,1.5,
A426,CRM,<0.02,0.01
A427,BLK,ND,0.005
A428,DUP,1.5,
A429,CRM,<0.02,0.01
A430,BLK,ND,0.005
A431,DUP,1.5,
A432,CRM,<0.02,0.01
A433,BLK,ND,0.005
A434,DUP,1.5,
A435,CRM,<0.02,0.01
A436,BLK,ND,0.005
A437,DUP,1.5,
A438,CRM,<0.02,0.01
A439,BLK,ND,0.005
A440,DUP,1.5,
A441,CRM,<0.02,0.01
A442,BLK,ND,0.005
A443,DUP,1.5,
A444,CRM,<0.02,0.01
A445,BLK,ND,0.005
A446,DUP,1.5,
A447,CRM,<0.02,0.01
A448,BLK,ND,0.005
A449,DUP,1.5,
A450,CRM,<0.02,0.01
A451,BLK,ND,0.005
A452,DUP,1.5,
A453,CRM,<0.02,0.01
A454,BLK,ND,0.005
A455,DUP,1.5,
A456,CRM,<0.02,0.01
A457,BLK,ND,0.005
A458,DUP,1.5,
A459,CRM,<0.02,0.01
A460,BLK,ND,0.005
A461,DUP,1.5,
A462,CRM,<0.02,0.01
A463,BLK,ND,0.005
A464,DUP,1.5,
A465,CRM,<0.02,0.01
A466,BLK,ND,0.005
A467,DUP,1.5,
A468,CRM,<0.02,0.01
A469,BLK,ND,0.005
A470,DUP,1.5,
A471,CRM,<0.02,0.01
A472,BLK,ND,0.005
A473,DUP,1.5,
A474,CRM,<0.02,0.01
A475,BLK,ND,0.005
A476,DUP,1.5,
A477,CRM,<0.02,0.01
A478,BLK,ND,0.005
A479,DUP,1.5,
A480,CRM,<0.02,0.01
A481,BLK,ND,0.005
A482,DUP,1.5,
A483,CRM,<0.02,0.01
A484,BLK,ND,0.005
A485,DUP,1.5,
A486,CRM,<0.02,0.01
A487,BLK,ND,0.005
A488,DUP,1.5,
A489,CRM,<0.02,0.01
A490,BLK,ND,0.005
A491,DUP,1.5,
A492,CRM,<0.02,0.01
A493,BLK,ND,0.005
A494,DUP,1.5,
A495,CRM,<0.02,0.01
A496,BLK,ND,0.005
A497,DUP,1.5,
A498,CRM,<0.02,0.01
A499,BLK,ND,0.005
A500,DUP,1.5,
A501,CRM,<0.02,0.01
A502,BLK,ND,0.005
A503,DUP,1.5,
A504,CRM,<0.02,0.01
A505,BLK,ND,0.005
A506,DUP,1.5,
A507,CRM,<0.02,0.01
A508,BLK,ND,0.005
A509,DUP,1.5,
A510,CRM,<0.02,0.01
A511,BLK,ND,0.005
A512,DUP,1.5,
A513,CRM,<0.02,0.01
A514,BLK,ND,0.005
A515,DUP,1.5,
A516,CRM,<0.02,0.01
A517,BLK,ND,0.005
A518,DUP,1.5,
A519,CRM,<0.02,0.01
A520,BLK,ND,0.005
A521,DUP,1.5,
A522,CRM,<0.02,0.01
A523,BLK,ND,0.005
A524,DUP,1.5,
A525,CRM,<0.02,0.01
A526,BLK,ND,0.005
A527,DUP,1.5,
A528,CRM,<0.02,0.01
A529,BLK,ND,0.005
A530,DUP,1.5,
A531,CRM,<0.02,0.01
A532,BLK,ND,0.005
A533,DUP,1.5,
A534,CRM,<0.02,0.01
A535,BLK,ND,0.005
A536,DUP,1.5,
A537,CRM,<0.02,0.01
A538,BLK,ND,0.005
A539,DUP,1.5,
A540,CRM,<0.02,0.01
A541,BLK,ND,0.005
A542,DUP,1.5,
A543,CRM,<0.02,0.01
A544,BLK,ND,0.005
A545,DUP,1.5,
A546,CRM,<0.02,0.01
A547,BLK,ND,0.005
A548,DUP,1.5,
A549,CRM,<0.02,0.01
A550,BLK,ND,0.005
A551,DUP,1.5,
A552,CRM,<0.02,0.01
A553,BLK,ND,0.005
A554,DUP,1.5,
A555,CRM,<0.02,0.01
A556,BLK,ND,0.005
A557,DUP,1.5,
A558,CRM,<0.02,0.01
A559,BLK,ND,0.005
A560,DUP,1.5,
A561,CRM,<0.02,0.01
A562,BLK,ND,0.005
A563,DUP,1.5,
A564,CRM,<0.02,0.01
A565,BLK,ND,0.005
A566,DUP,1.5,
A567,CRM,<0.02,0.01
A568,BLK,ND,0.005
A569,DUP,1.5,
A570,CRM,<0.02,0.01
A571,BLK,ND,0.005
A572,DUP,1.5,
A573,CRM,<0.02,0.01
A574,BLK,ND,0.005
A575,DUP,1.5,
A576,CRM,<0.02,0.01
A577,BLK,ND,0.005
A578,DUP,1.5,
A579,CRM,<0.02,0.01
A580,BLK,ND,0.005
A581,DUP,1.5,
A582,CRM,<0.02,0.01
A583,BLK,ND,0.005
A584,DUP,1.5,
A585,CRM,<0.02,0.01
A586,BLK,ND,0.005
A587,DUP,1.5,
A588,CRM,<0.02,0.01
A589,BLK,ND,0.005
A590,DUP,1.5,
A591,CRM,<0.02,0.01
A592,BLK,ND,0.005
A593,DUP,1.5,
A594,CRM,<0.02,0.01
A595,BLK,ND,0.005
A596,DUP,1.5,
A597,CRM,<0.02,0.01
A598,BLK,ND,0.005
A599,DUP,1.5,
A600,CRM,<0.02,0.01
A601,BLK,ND,0.005
A602,DUP,1.5,
A603,CRM,<0.02,0.01
A604,BLK,ND,0.005
A605,DUP,1.5,
A606,CRM,<0.02,0.01
A607,BLK,ND,0.005
A608,DUP,1.5,
A609,CRM,<0.02,0.01
A610,BLK,ND,0.005
A611,DUP,1.5,
A612,CRM,<0.02,0.01
A613,BLK,ND,0.005
A614,DUP,1.5,
A615,CRM,<0.02,0.01
A616,BLK,ND,0.005
A617,DUP,1.5,
A618,CRM,<0.02,0.01
A619,BLK,ND,0.005
A620,DUP,1.5,
A621,CRM,<0.02,0.01
A622,BLK,ND,0.005
A623,DUP,1.5,
A624,CRM,<0.02,0.01
A625,BLK,ND,0.005
A626,DUP,1.5,
A627,CRM,<0.02,0.01
A628,BLK,ND,0.005
A629,DUP,1.5,
A630,CRM,<0.02,0.01
A631,BLK,ND,0.005
A632,DUP,1.5,
A633,CRM,<0.02,0.01
A634,BLK,ND,0.005
A635,DUP,1.5,
A636,CRM,<0.02,0.01
A637,BLK,ND,0.005
A638,DUP,1.5,
A639,CRM,<0.02,0.01
A640,BLK,ND,0.005
A641,DUP,1.5,
A642,CRM,<0.02,0.01
A643,BLK,ND,0.005
A644,DUP,1.5,
A645,CRM,<0.02,0.01
A646,BLK,ND,0.005
A647,DUP,1.5,
A648,CRM,<0.02,0.01
A649,BLK,ND,0.005
A650,DUP,1.5,
A651,CRM,<0.02,0.01
A652,BLK,ND,0.005
A653,DUP,1.5,
A654,CRM,<0.02,0.01
A655,BLK,ND,0.005
A656,DUP,1.5,
A657,CRM,<0.02,0.01
A658,BLK,ND,0.005
A659,DUP,1.5,
A660,CRM,<0.02,0.01
A661,BLK,ND,0.005
A662,DUP,1.5,
A663,CRM,<0.02,0.01
A664,BLK,ND,0.005
A665,DUP,1.5,
A666,CRM,<0.02,0.01
A667,BLK,ND,0.005
A668,DUP,1.5,
A669,CRM,<0.02,0.01
A670,BLK,ND,0.005
A671,DUP,1.5,
A672,CRM,<0.02,0.01
A673,BLK,ND,0.005
A674,DUP,1.5,
A675,CRM,<0.02,0.01
A676,BLK,ND,0.005
A677,DUP,1.5,
A678,CRM,<0.02,0.01
A679,BLK,ND,0.005
A680,DUP,1.5,
A681,CRM,<0.02,0.01
A682,BLK,ND,0.005
A683,DUP,1.5,
A684,CRM,<0.02,0.01
A685,BLK,ND,0.005
A686,DUP,1.5,
A687,CRM,<0.02,0.01
A688,BLK,ND,0.005
A689,DUP,1.5,
A690,CRM,<0.02,0.01
A691,BLK,ND,0.005
A692,DUP,1.5,
A693,CRM,<0.02,0.01
A694,BLK,ND,0.005
A695,DUP,1.5,
A696,CRM,<0.02,0.01
A697,BLK,ND,0.005
A698,DUP,1.5,
A699,CRM,<0.02,0.01
A700,BLK,ND,0.005
A701,DUP,1.5,
A702,CRM,<0.02,0.01
A703,BLK,ND,0.005
A704,DUP,1.5,
A705,CRM,<0.02,0.01
A706,BLK,ND,0.005
A707,DUP,1.5,
A708,CRM,<0.02,0.01
A709,BLK,ND,0.005
A710,DUP,1.5,
A711,CRM,<0.02,0.01
A712,BLK,ND,0.005
A713,DUP,1.5,
A714,CRM,<0.02,0.01
A715,BLK,ND,0.005
A716,DUP,1.5,
A717,CRM,<0.02,0.01
A718,BLK,ND,0.005
A719,DUP,1.5,
A720,CRM,<0.02,0.01
A721,BLK,ND,0.005
A722,DUP,1.5,
A723,CRM,<0.02,0.01
A724,BLK,ND,0.005
A725,DUP,1.5,
A726,CRM,<0.02,0.01
A727,BLK,ND,0.005
A728,DUP,1.5,
A729,CRM,<0.02,0.01
A730,BLK,ND,0.005
A731,DUP,1.5,
A732,CRM,<0.02,0.01
A733,BLK,ND,0.005
A734,DUP,1.5,
A735,CRM,<0.02,0.01
A736,BLK,ND,0.005
A737,DUP,1.5,
A738,CRM,<0.02,0.01
A739,BLK,ND,0.005
A740,DUP,1.5,
A741,CRM,<0.02,0.01
A742,BLK,ND,0.005
A743,DUP,1.5,
A744,CRM,<0.02,0.01
A745,BLK,ND,0.005
A746,DUP,1.5,
A747,CRM,<0.02,0.01
A748,BLK,ND,0.005
A749,DUP,1.5,
A750,CRM,<0.02,0.01
A751,BLK,ND,0.005
A752,DUP,1.5,
A753,CRM,<0.02,0.01
A754,BLK,ND,0.005
A755,DUP,1.5,
A756,CRM,<0.02,0.01
A757,BLK,ND,0.005
A758,DUP,1.5,
A759,CRM,<0.02,0.01
A760,BLK,ND,0.005
A761,DUP,1.5,
A762,CRM,<0.02,0.01
A763,BLK,ND,0.005
A764,DUP,1.5,
A765,CRM,<0.02,0.01
A766,BLK,ND,0.005
A767,DUP,1.5,
A768,CRM,<0.02,0.01
A769,BLK,ND,0.005
A770,DUP,1.5,
A771,CRM,<0.02,0.01
A772,BLK,ND,0.005
A773,DUP,1.5,
A774,CRM,<0.02,0.01
A775,BLK,ND,0.005
A776,DUP,1.5,
A777,CRM,<0.02,0.01
A778,BLK,ND,0.005
A779,DUP,1.5,
A780,CRM,<0.02,0.01
A781,BLK,ND,0.005
A782,DUP,1.5,
A783,CRM,<0.02,0.01
A784,BLK,ND,0.005
A785,DUP,1.5,
A786,CRM,<0.02,0.01
A787,BLK,ND,0.005
A788,DUP,1.5,
A789,CRM,<0.02,0.01
A790,BLK,ND,0.005
A791,DUP,1.5,
A792,CRM,<0.02,0.01
A793,BLK,ND,0.005
A794,DUP,1.5,
A795,CRM,<0.02,0.01
A796,BLK,ND,0.005
A797,DUP,1.5,
A798,CRM,<0.02,0.01
A799,BLK,ND,0.005
A800,DUP,1.5,
A801,CRM,<0.02,0.01
A802,BLK,ND,0.005
A803,DUP,1.5,
A804,CRM,<0.02,0.01
A805,BLK,ND,0.005
A806,DUP,1.5,
A807,CRM,<0.02,0.01
A808,BLK,ND,0.005
A809,DUP,1.5,
A810,CRM,<0.02,0.01
A811,BLK,ND,0.005
A812,DUP,1.5,
A813,CRM,<0.02,0.01
A814,BLK,ND,0.005
A815,DUP,1.5,
A816,CRM,<0.02,0.01
A817,BLK,ND,0.005
A818,DUP,1.5,
A819,CRM,<0.02,0.01
A820,BLK,ND,0.005
A821,DUP,1.5,
A822,CRM,<0.02,0.01
A823,BLK,ND,0.005
A824,DUP,1.5,
A825,CRM,<0.02,0.01
A826,BLK,ND,0.005
A827,DUP,1.5,
A828,CRM,<0.02,0.01
A829,BLK,ND,0.005
A830,DUP,1.5,
A831,CRM,<0.02,0.01
A832,BLK,ND,0.005
A833,DUP,1.5,
A834,CRM,<0.02,0.01
A835,BLK,ND,0.005
A836,DUP,1.5,
A837,CRM,<0.02,0.01
A838,BLK,ND,0.005
A839,DUP,1.5,
A840,CRM,<0.02,0.01
A841,BLK,ND,0.005
A842,DUP,1.5,
A843,CRM,<0.02,0.01
A844,BLK,ND,0.005
A845,DUP,1.5,
A846,CRM,<0.02,0.01
A847,BLK,ND,0.005
A848,DUP,1.5,
A849,CRM,<0.02,0.01
A850,BLK,ND,0.005
A851,DUP,1.5,
A852,CRM,<0.02,0.01
A853,BLK,ND,0.005
A854,DUP,1.5,
A855,CRM,<0.02,0.01
A856,BLK,ND,0.005
A857,DUP,1.5,
A858,CRM,<0.02,0.01
A859,BLK,ND,0.005
A860,DUP,1.5,
A861,CRM,<0.02,0.01
A862,BLK,ND,0.005
A863,DUP,1.5,
A864,CRM,<0.02,0.01
A865,BLK,ND,0.005
A866,DUP,1.5,
A867,CRM,<0.02,0.01
A868,BLK,ND,0.005
A869,DUP,1.5,
A870,CRM,<0.02,0.01
A871,BLK,ND,0.005
A872,DUP,1.5,
A873,CRM,<0.02,0.01
A874,BLK,ND,0.005
A875,DUP,1.5,
A876,CRM,<0.02,0.01
A877,BLK,ND,0.005
A878,DUP,1.5,
A879,CRM,<0.02,0.01
A880,BLK,ND,0.005
A881,DUP,1.5,
A882,CRM,<0.02,0.01
A883,BLK,ND,0.005
A884,DUP,1.5,
A885,CRM,<0.02,0.01
A886,BLK,ND,0.005
A887,DUP,1.5,
A888,CRM,<0.02,0.01
A889,BLK,ND,0.005
A890,DUP,1.5,
A891,CRM,<0.02,0.01
A892,BLK,ND,0.005
A893,DUP,1.5,
A894,CRM,<0.02,0.01
A895,BLK,ND,0.005
A896,DUP,1.5,
A897,CRM,<0.02,0.01
A898,BLK,ND,0.005
A899,DUP,1.5,
A900,CRM,<0.02,0.01
A901,BLK,ND,0.005
A902,DUP,1.5,
A903,CRM,<0.02,0.01
A904,BLK,ND,0.005
A905,DUP,1.5,
A906,CRM,<0.02,0.01
A907,BLK,ND,0.005
A908,DUP,1.5,
A909,CRM,<0.02,0.01
A910,BLK,ND,0.005
A911,DUP,1.5,
A912,CRM,<0.02,0.01
A913,BLK,ND,0.005
A914,DUP,1.5,
A915,CRM,<0.02,0.01
A916,BLK,ND,0.005
A917,DUP,1.5,
A918,CRM,<0.02,0.01
A919,BLK,ND,0.005
A920,DUP,1.5,
A921,CRM,<0.02,0.01
A922,BLK,ND,0.005
A923,DUP,1.5,
A924,CRM,<0.02,0.01
A925,BLK,ND,0.005
A926,DUP,1.5,
A927,CRM,<0.02,0.01
A928,BLK,ND,0.005
A929,DUP,1.5,
A930,CRM,<0.02,0.01
A931,BLK,ND,0.005
A932,DUP,1.5,
A933,CRM,<0.02,0.01
A934,BLK,ND,0.005
A935,DUP,1.5,
A936,CRM,<0.02,0.01
A937,BLK,ND,0.005
A938,DUP,1.5,
A939,CRM,<0.02,0.01
A940,BLK,ND,0.005
A941,DUP,1.5,
A942,CRM,<0.02,0.01
A943,BLK,ND,0.005
A944,DUP,1.5,
A945,CRM,<0.02,0.01
A946,BLK,ND,0.005
A947,DUP,1.5,
A948,CRM,<0.02,0.01
A949,BLK,ND,0.005
A950,DUP,1.5,
A951,CRM,<0.02,0.01
A952,BLK,ND,0.005
A953,DUP,1.5,
A954,CRM,<0.02,0.01
A955,BLK,ND,0.005
A956,DUP,1.5,
A957,CRM,<0.02,0.01
A958,BLK,ND,0.005
A959,DUP,1.5,
A960,CRM,<0.02,0.01
A961,BLK,ND,0.005
A962,DUP,1.5,
A963,CRM,<0.02,0.01
A964,BLK,ND,0.005
A965,DUP,1.5,
A966,CRM,<0.02,0.01
A967,BLK,ND,0.005
A968,DUP,1.5,
A969,CRM,<0.02,0.01
A970,BLK,ND,0.005
A971,DUP,1.5,
A972,CRM,<0.02,0.01
A973,BLK,ND,0.005
A974,DUP,1.5,
A975,CRM,<0.02,0.01
A976,BLK,ND,0.005
A977,DUP,1.5,
A978,CRM,<0.02,0.01
A979,BLK,ND,0.005
A980,DUP,1.5,
A981,CRM,<0.02,0.01
A982,BLK,ND,0.005
A983,DUP,1.5,
A984,CRM,<0.02,0.01
A985,BLK,ND,0.005
A986,DUP,1.5,
A987,CRM,<0.02,0.01
A988,BLK,ND,0.005
A989,DUP,1.5,
A990,CRM,<0.02,0.01
A991,BLK,ND,0.005
A992,DUP,1.5,
A993,CRM,<0.02,0.01
A994,BLK,ND,0.005
A995,DUP,1.5,
A996,CRM,<0.02,0.01
A997,BLK,ND,0.005
A998,DUP,1.5,
A999,CRM,<0.02,0.01
A1000,BLK,ND,0.005
A1001,DUP,1.5,
A1002,CRM,<0.02,0.01
A1003,BLK,ND,0.005
A1004,DUP,1.5,
A1005,CRM,<0.02,0.01
A1006,BLK,ND,0.005
A1007,DUP,1.5,
A1008,CRM,<0.02,0.01
A1009,BLK,ND,0.005
A1010,DUP,1.5,
A1011,CRM,<0.02,0.01
A1012,BLK,ND,0.005
A1013,DUP,1.5,
A1014,CRM,<0.02,0.01
A1015,BLK,ND,0.005
A1016,DUP,1.5,
A1017,CRM,<0.02,0.01
A1018,BLK,ND,0.005
A1019,DUP,1.5,
A1020,CRM,<0.02,0.01
A1021,BLK,ND,0.005
A1022,DUP,1.5,
A1023,CRM,<0.02,0.01
A1024,BLK,ND,0.005
A1025,DUP,1.5,
A1026,CRM,<0.02,0.01
A1027,BLK,ND,0.005
A1028,DUP,1.5,
A1029,CRM,<0.02,0.01
A1030,BLK,ND,0.005
A1031,DUP,1.5,
A1032,CRM,<0.02,0.01
A1033,BLK,ND,0.005
A1034,DUP,1.5,
A1035,CRM,<0.02,0.01
A1036,BLK,ND,0.005
A1037,DUP,1.5,
A1038,CRM,<0.02,0.01
A1039,BLK,ND,0.005
A1040,DUP,1.5,
A1041,CRM,<0.02,0.01
A1042,BLK,ND,0.005
A1043,DUP,1.5,
A1044,CRM,<0.02,0.01
A1045,BLK,ND,0.005
A1046,DUP,1.5,
A1047,CRM,<0.02,0.01
A1048,BLK,ND,0.005
A1049,DUP,1.5,
A1050,CRM,<0.02,0.01
A1051,BLK,ND,0.005
A1052,DUP,1.5,
A1053,CRM,<0.02,0.01
A1054,BLK,ND,0.005
A1055,DUP,1.5,
A1056,CRM,<0.02,0.01
A1057,BLK,ND,0.005
A1058,DUP,1.5,
A1059,CRM,<0.02,0.01
A1060,BLK,ND,0.005
A1061,DUP,1.5,
A1062,CRM,<0.02,0.01
A1063,BLK,ND,0.005
A1064,DUP,1.5,
A1065,CRM,<0.02,0.01
A1066,BLK,ND,0.005
A1067,DUP,1.5,
A1068,CRM,<0.02,0.01
A1069,BLK,ND,0.005
A1070,DUP,1.5,
A1071,CRM,<0.02,0.01
A1072,BLK,ND,0.005
A1073,DUP,1.5,
A1074,CRM,<0.02,0.01
A1075,BLK,ND,0.005
A1076,DUP,1.5,
A1077,CRM,<0.02,0.01
A1078,BLK,ND,0.005
A1079,DUP,1.5,
A1080,CRM,<0.02,0.01
A1081,BLK,ND,0.005
A1082,DUP,1.5,
A1083,CRM,<0.02,0.01
A1084,BLK,ND,0.005
A1085,DUP,1.5,
A1086,CRM,<0.02,0.01
A1087,BLK,ND,0.005
A1088,DUP,1.5,
A1089,CRM,<0.02,0.01
A1090,BLK,ND,0.005
A1091,DUP,1.5,
A1092,CRM,<0.02,0.01
A1093,BLK,ND,0.005
A1094,DUP,1.5,
A1095,CRM,<0.02,0.01
A1096,BLK,ND,0.005
A1097,DUP,1.5,
A1098,CRM,<0.02,0.01
A1099,BLK,ND,0.005
A1100,DUP,1.5,
A1101,CRM,<0.02,0.01
A1102,BLK,ND,0.005
A1103,DUP,1.5,
A1104,CRM,<0.02,0.01
A1105,BLK,ND,0.005
A1106,DUP,1.5,
A1107,CRM,<0.02,0.01
A1108,BLK,ND,0.005
A1109,DUP,1.5,
A1110,CRM,<0.02,0.01
A1111,BLK,ND,0.005
A1112,DUP,1.5,
A1113,CRM,<0.02,0.01
A1114,BLK,ND,0.005
A1115,DUP,1.5,
A1116,CRM,<0.02,0.01
A1117,BLK,ND,0.005
A1118,DUP,1.5,
A1119,CRM,<0.02,0.01
A1120,BLK,ND,0.005
A1121,DUP,1.5,
A1122,CRM,<0.02,0.01
A1123,BLK,ND,0.005
A1124,DUP,1.5,
A1125,CRM,<0.02,0.01
A1126,BLK,ND,0.005
A1127,DUP,1.5,
A1128,CRM,<0.02,0.01
A1129,BLK,ND,0.005
A1130,DUP,1.5,
A1131,CRM,<0.02,0.01
A1132,BLK,ND,0.005
A1133,DUP,1.5,
A1134,CRM,<0.02,0.01
A1135,BLK,ND,0.005
A1136,DUP,1.5,
A1137,CRM,<0.02,0.01
A1138,BLK,ND,0.005
A1139,DUP,1.5,
A1140,CRM,<0.02,0.01
A1141,BLK,ND,0.005
A1142,DUP,1.5,
A1143,CRM,<0.02,0.01
A1144,BLK,ND,0.005
A1145,DUP,1.5,
A1146,CRM,<0.02,0.01
A1147,BLK,ND,0.005
A1148,DUP,1.5,
A1149,CRM,<0.02,0.01
A1150,BLK,ND,0.005
A1151,DUP,1.5,
A1152,CRM,<0.02,0.01
A1153,BLK,ND,0.005
A1154,DUP,1.5,
A1155,CRM,<0.02,0.01
A1156,BLK,ND,0.005
A1157,DUP,1.5,
A1158,CRM,<0.02,0.01
A1159,BLK,ND,0.005
A1160,DUP,1.5,
A1161,CRM,<0.02,0.01
A1162,BLK,ND,0.005
A1163,DUP,1.5,
A1164,CRM,<0.02,0.01
A1165,BLK,ND,0.005
A1166,DUP,1.5,
A1167,CRM,<0.02,0.01
A1168,BLK,ND,0.005
A1169,DUP,1.5,
A1170,CRM,<0.02,0.01
A1171,BLK,ND,0.005
A1172,DUP,1.5,
A1173,CRM,<0.02,0.01
A1174,BLK,ND,0.005
A1175,DUP,1.5,
A1176,CRM,<0.02,0.01
A1177,BLK,ND,0.005
A1178,DUP,1.5,
A1179,CRM,<0.02,0.01
A1180,BLK,ND,0.005
A1181,DUP,1.5,
A1182,CRM,<0.02,0.01
A1183,BLK,ND,0.005
A1184,DUP,1.5,
A1185,CRM,<0.02,0.01
A1186,BLK,ND,0.005
A1187,DUP,1.5,
A1188,CRM,<0.02,0.01
A1189,BLK,ND,0.005
A1190,DUP,1.5,
A1191,CRM,<0.02,0.01
A1192,BLK,ND,0.005
A1193,DUP,1.5,
A1194,CRM,<0.02,0.01
A1195,BLK,ND,0.005
A1196,DUP,1.5,
A1197,CRM,<0.02,0.01
A1198,BLK,ND,0.005
A1199,DUP,1.5,
A1200,CRM,<0.02,0.01
A1201,BLK,ND,0.005
A1202,DUP,1.5,
A1203,CRM,<0.02,0.01
A1204,BLK,ND,0.005
A1205,DUP,1.5,
A1206,CRM,<0.02,0.01
A1207,BLK,ND,0.005
A1208,DUP,1.5,
A1209,CRM,<0.02,0.01
A1210,BLK,ND,0.005
A1211,DUP,1.5,
A1212,CRM,<0.02,0.01
A1213,BLK,ND,0.005
A1214,DUP,1.5,
A1215,CRM,<0.02,0.01
A1216,BLK,ND,0.005
A1217,DUP,1.5,
A1218,CRM,<0.02,0.01
A1219,BLK,ND,0.005
A1220,DUP,1.5,
A1221,CRM,<0.02,0.01
A1222,BLK,ND,0.005
A1223,DUP,1.5,
A1224,CRM,<0.02,0.01
A1225,BLK,ND,0.005
A1226,DUP,1.5,
A1227,CRM,<0.02,0.01
A1228,BLK,ND,0.005
A1229,DUP,1.5,
A1230,CRM,<0.02,0.01
A1231,BLK,ND,0.005
A1232,DUP,1.5,
A1233,CRM,<0.02,0.01
A1234,BLK,ND,0.005
A1235,DUP,1.5,
A1236,CRM,<0.02,0.01
A1237,BLK,ND,0.005
A1238,DUP,1.5,
A1239,CRM,<0.02,0.01
A1240,BLK,ND,0.005
A1241,DUP,1.5,
A1242,CRM,<0.02,0.01
A1243,BLK,ND,0.005
A1244,DUP,1.5,
A1245,CRM,<0.02,0.01
A1246,BLK,ND,0.005
A1247,DUP,1.5,
A1248,CRM,<0.02,0.01
A1249,BLK,ND,0.005
A1250,DUP,1.5,
A1251,CRM,<0.02,0.01
A1252,BLK,ND,0.005
A1253,DUP,1.5,
A1254,CRM,<0.02,0.01
A1255,BLK,ND,0.005
A1256,DUP,1.5,
A1257,CRM,<0.02,0.01
A1258,BLK,ND,0.005
A1259,DUP,1.5,
A1260,CRM,<0.02,0.01
A1261,BLK,ND,0.005
A1262,DUP,1.5,
A1263,CRM,<0.02,0.01
A1264,BLK,ND,0.005
A1265,DUP,1.5,
A1266,CRM,<0.02,0.01
A1267,BLK,ND,0.005
A1268,DUP,1.5,
A1269,CRM,<0.02,0.01
A1270,BLK,ND,0.005
A1271,DUP,1.5,
A1272,CRM,<0.02,0.01
A1273,BLK,ND,0.005
A1274,DUP,1.5,
A1275,CRM,<0.02,0.01
A1276,BLK,ND,0.005
A1277,DUP,1.5,
A1278,CRM,<0.02,0.01
A1279,BLK,ND,0.005
A1280,DUP,1.5,
A1281,CRM,<0.02,0.01
A1282,BLK,ND,0.005
A1283,DUP,1.5,
A1284,CRM,<0.02,0.01
A1285,BLK,ND,0.005
A1286,DUP,1.5,
A1287,CRM,<0.02,0.01
A1288,BLK,ND,0.005
A1289,DUP,1.5,
A1290,CRM,<0.02,0.01
A1291,BLK,ND,0.005
A1292,DUP,1.5,
A1293,CRM,<0.02,0.01
A1294,BLK,ND,0.005
A1295,DUP,1.5,
A1296,CRM,<0.02,0.01
A1297,BLK,ND,0.005
A1298,DUP,1.5,
A1299,CRM,<0.02,0.01
A1300,BLK,ND,0.005
A1301,DUP,1.5,
A1302,CRM,<0.02,0.01
A1303,BLK,ND,0.005
A1304,DUP,1.5,
A1305,CRM,<0.02,0.01
A1306,BLK,ND,0.005
A1307,DUP,1.5,
A1308,CRM,<0.02,0.01
A1309,BLK,ND,0.005
A1310,DUP,1.5,
A1311,CRM,<0.02,0.01
A1312,BLK,ND,0.005
A1313,DUP,1.5,
A1314,CRM,<0.02,0.01
A1315,BLK,ND,0.005
A1316,DUP,1.5,
A1317,CRM,<0.02,0.01
A1318,BLK,ND,0.005
A1319,DUP,1.5,
A1320,CRM,<0.02,0.01
A1321,BLK,ND,0.005
A1322,DUP,1.5,
A1323,CRM,<0.02,0.01
A1324,BLK,ND,0.005
A1325,DUP,1.5,
A1326,CRM,<0.02,0.01
A1327,BLK,ND,0.005
A1328,DUP,1.5,
A1329,CRM,<0.02,0.01
A1330,BLK,ND,0.005
A1331,DUP,1.5,
A1332,CRM,<0.02,0.01
A1333,BLK,ND,0.005
A1334,DUP,1.5,
A1335,CRM,<0.02,0.01
A1336,BLK,ND,0.005
A1337,DUP,1.5,
A1338,CRM,<0.02,0.01
A1339,BLK,ND,0.005
A1340,DUP,1.5,
A1341,CRM,<0.02,0.01
A1342,BLK,ND,0.005
A1343,DUP,1.5,
A1344,CRM,<0.02,0.01
A1345,BLK,ND,0.005
A1346,DUP,1.5,
A1347,CRM,<0.02,0.01
A1348,BLK,ND,0.005
A1349,DUP,1.5,
A1350,CRM,<0.02,0.01
A1351,BLK,ND,0.005
A1352,DUP,1.5,
A1353,CRM,<0.02,0.01
A1354,BLK,ND,0.005
A1355,DUP,1.5,
A1356,CRM,<0.02,0.01
A1357,BLK,ND,0.005
A1358,DUP,1.5,
A1359,CRM,<0.02,0.01
A1360,BLK,ND,0.005
A1361,DUP,1.5,
A1362,CRM,<0.02,0.01
A1363,BLK,ND,0.005
A1364,DUP,1.5,
A1365,CRM,<0.02,0.01
A1366,BLK,ND,0.005
A1367,DUP,1.5,
A1368,CRM,<0.02,0.01
A1369,BLK,ND,0.005
A1370,DUP,1.5,
A1371,CRM,<0.02,0.01
A1372,BLK,ND,0.005
A1373,DUP,1.5,
A1374,CRM,<0.02,0.01
A1375,BLK,ND,0.005
A1376,DUP,1.5,
A1377,CRM,<0.02,0.01
A1378,BLK,ND,0.005
A1379,DUP,1.5,
A1380,CRM,<0.02,0.01
A1381,BLK,ND,0.005
A1382,DUP,1.5,
A1383,CRM,<0.02,0.01
A1384,BLK,ND,0.005
A1385,DUP,1.5,
A1386,CRM,<0.02,0.01
A1387,BLK,ND,0.005
A1388,DUP,1.5,
A1389,CRM,<0.02,0.01
A1390,BLK,ND,0.005
A1391,DUP,1.5,
A1392,CRM,<0.02,0.01
A1393,BLK,ND,0.005
A1394,DUP,1.5,
A1395,CRM,<0.02,0.01
A1396,BLK,ND,0.005
A1397,DUP,1.5,
A1398,CRM,<0.02,0.01
A1399,BLK,ND,0.005
A1400,DUP,1.5,
A1401,CRM,<0.02,0.01
A1402,BLK,ND,0.005
A1403,DUP,1.5,
A1404,CRM,<0.02,0.01
A1405,BLK,ND,0.005
A1406,DUP,1.5,
A1407,CRM,<0.02,0.01
A1408,BLK,ND,0.005
A1409,DUP,1.5,
A1410,CRM,<0.02,0.01
A1411,BLK,ND,0.005
A1412,DUP,1.5,
A1413,CRM,<0.02,0.01
A1414,BLK,ND,0.005
A1415,DUP,1.5,
A1416,CRM,<0.02,0.01
A1417,BLK,ND,0.005
A1418,DUP,1.5,
A1419,CRM,<0.02,0.01
A1420,BLK,ND,0.005
A1421,DUP,1.5,
A1422,CRM,<0.02,0.01
A1423,BLK,ND,0.005
A1424,DUP,1.5,
A1425,CRM,<0.02,0.01
A1426,BLK,ND,0.005
A1427,DUP,1.5,
A1428,CRM,<0.02,0.01
A1429,BLK,ND,0.005
A1430,DUP,1.5,
A1431,CRM,<0.02,0.01
A1432,BLK,ND,0.005
A1433,DUP,1.5,
A1434,CRM,<0.02,0.01
A1435,BLK,ND,0.005
A1436,DUP,1.5,
A1437,CRM,<0.02,0.01
A1438,BLK,ND,0.005
A1439,DUP,1.5,
A1440,CRM,<0.02,0.01
A1441,BLK,ND,0.005
A1442,DUP,1.5,
A1443,CRM,<0.02,0.01
A1444,BLK,ND,0.005
A1445,DUP,1.5,
A1446,CRM,<0.02,0.01
A1447,BLK,ND,0.005
A1448,DUP,1.5,
A1449,CRM,<0.02,0.01
A1450,BLK,ND,0.005
A1451,DUP,1.5,
A1452,CRM,<0.02,0.01
A1453,BLK,ND,0.005
A1454,DUP,1.5,
A1455,CRM,<0.02,0.01
A1456,BLK,ND,0.005
A1457,DUP,1.5,
A1458,CRM,<0.02,0.01
A1459,BLK,ND,0.005
A1460,DUP,1.5,
A1461,CRM,<0.02,0.01
A1462,BLK,ND,0.005
A1463,DUP,1.5,
A1464,CRM,<0.02,0.01
A1465,BLK,ND,0.005
A1466,DUP,1.5,
A1467,CRM,<0.02,0.01
A1468,BLK,ND,0.005
A1469,DUP,1.5,
A1470,CRM,<0.02,0.01
A1471,BLK,ND,0.005
A1472,DUP,1.5,
A1473,CRM,<0.02,0.01
A1474,BLK,ND,0.005
A1475,DUP,1.5,
A1476,CRM,<0.02,0.01
A1477,BLK,ND,0.005
A1478,DUP,1.5,
A1479,CRM,<0.02,0.01
A1480,BLK,ND,0.005
A1481,DUP,1.5,
A1482,CRM,<0.02,0.01
A1483,BLK,ND,0.005
A1484,DUP,1.5,
A1485,CRM,<0.02,0.01
A1486,BLK,ND,0.005
A1487,DUP,1.5,
A1488,CRM,<0.02,0.01
A1489,BLK,ND,0.005
A1490,DUP,1.5,
A1491,CRM,<0.02,0.01
A1492,BLK,ND,0.005
A1493,DUP,1.5,
A1494,CRM,<0.02,0.01
A1495,BLK,ND,0.005
A1496,DUP,1.5,
A1497,CRM,<0.02,0.01
A1498,BLK,ND,0.005
A1499,DUP,1.5,
A1500,CRM,<0.02,0.01
A1501,BLK,ND,0.005
A1502,DUP,1.5,
A1503,CRM,<0.02,0.01
A1504,BLK,ND,0.005
A1505,DUP,1.5,
A1506,CRM,<0.02,0.01
A1507,BLK,ND,0.005
A1508,DUP,1.5,
A1509,CRM,<0.02,0.01
A1510,BLK,ND,0.005
A1511,DUP,1.5,
A1512,CRM,<0.02,0.01
A1513,BLK,ND,0.005
A1514,DUP,1.5,
A1515,CRM,<0.02,0.01
A1516,BLK,ND,0.005
A1517,DUP,1.5,
A1518,CRM,<0.02,0.01
A1519,BLK,ND,0.005
A1520,DUP,1.5,
A1521,CRM,<0.02,0.01
A1522,BLK,ND,0.005
A1523,DUP,1.5,
A1524,CRM,<0.02,0.01
A1525,BLK,ND,0.005
A1526,DUP,1.5,
A1527,CRM,<0.02,0.01
A1528,BLK,ND,0.005
A1529,DUP,1.5,
A1530,CRM,<0.02,0.01
A1531,BLK,ND,0.005
A1532,DUP,1.5,
A1533,CRM,<0.02,0.01
A1534,BLK,ND,0.005
A1535,DUP,1.5,
A1536,CRM,<0.02,0.01
A1537,BLK,ND,0.005
A1538,DUP,1.5,
A1539,CRM,<0.02,0.01
A1540,BLK,ND,0.005
A1541,DUP,1.5,
A1542,CRM,<0.02,0.01
A1543,BLK,ND,0.005
A1544,DUP,1.5,
A1545,CRM,<0.02,0.01
A1546,BLK,ND,0.005
A1547,DUP,1.5,
A1548,CRM,<0.02,0.01
A1549,BLK,ND,0.005
A1550,DUP,1.5,
A1551,CRM,<0.02,0.01
A1552,BLK,ND,0.005
A1553,DUP,1.5,
A1554,CRM,<0.02,0.01
A1555,BLK,ND,0.005
A1556,DUP,1.5,
A1557,CRM,<0.02,0.01
A1558,BLK,ND,0.005
A1559,DUP,1.5,
A1560,CRM,<0.02,0.01
A1561,BLK,ND,0.005
A1562,DUP,1.5,
A1563,CRM,<0.02,0.01
A1564,BLK,ND,0.005
A1565,DUP,1.5,
A1566,CRM,<0.02,0.01
A1567,BLK,ND,0.005
A1568,DUP,1.5,
A1569,CRM,<0.02,0.01
A1570,BLK,ND,0.005
A1571,DUP,1.5,
A1572,CRM,<0.02,0.01
A1573,BLK,ND,0.005
A1574,DUP,1.5,
A1575,CRM,<0.02,0.01
A1576,BLK,ND,0.005
A1577,DUP,1.5,
A1578,CRM,<0.02,0.01
A1579,BLK,ND,0.005
A1580,DUP,1.5,
A1581,CRM,<0.02,0.01
A1582,BLK,ND,0.005
A1583,DUP,1.5,
A1584,CRM,<0.02,0.01
A1585,BLK,ND,0.005
A1586,DUP,1.5,
A1587,CRM,<0.02,0.01
A1588,BLK,ND,0.005
A1589,DUP,1.5,
A1590,CRM,<0.02,0.01
A1591,BLK,ND,0.005
A1592,DUP,1.5,
A1593,CRM,<0.02,0.01
A1594,BLK,ND,0.005
A1595,DUP,1.5,
A1596,CRM,<0.02,0.01
A1597,BLK,ND,0.005
A1598,DUP,1.5,
A1599,CRM,<0.02,0.01
A1600,BLK,ND,0.005
A1601,DUP,1.5,
A1602,CRM,<0.02,0.01
A1603,BLK,ND,0.005
A1604,DUP,1.5,
A1605,CRM,<0.02,0.01
A1606,BLK,ND,0.005
A1607,DUP,1.5,
A1608,CRM,<0.02,0.01
A1609,BLK,ND,0.005
A1610,DUP,1.5,
A1611,CRM,<0.02,0.01
A1612,BLK,ND,0.005
A1613,DUP,1.5,
A1614,CRM,<0.02,0.01
A1615,BLK,ND,0.005
A1616,DUP,1.5,
A1617,CRM,<0.02,0.01
A1618,BLK,ND,0.005
A1619,DUP,1.5,
A1620,CRM,<0.02,0.01
A1621,BLK,ND,0.005
A1622,DUP,1.5,
A1623,CRM,<0.02,0.01
A1624,BLK,ND,0.005
A1625,DUP,1.5,
A1626,CRM,<0.02,0.01
A1627,BLK,ND,0.005
A1628,DUP,1.5,
A1629,CRM,<0.02,0.01
A1630,BLK,ND,0.005
A1631,DUP,1.5,
A1632,CRM,<0.02,0.01
A1633,BLK,ND,0.005
A1634,DUP,1.5,
A1635,CRM,<0.02,0.01
A1636,BLK,ND,0.005
A1637,DUP,1.5,
A1638,CRM,<0.02,0.01
A1639,BLK,ND,0.005
A1640,DUP,1.5,
A1641,CRM,<0.02,0.01
A1642,BLK,ND,0.005
A1643,DUP,1.5,
A1644,CRM,<0.02,0.01
A1645,BLK,ND,0.005
A1646,DUP,1.5,
A1647,CRM,<0.02,0.01
A1648,BLK,ND,0.005
A1649,DUP,1.5,
A1650,CRM,<0.02,0.01
A1651,BLK,ND,0.005
A1652,DUP,1.5,
A1653,CRM,<0.02,0.01
A1654,BLK,ND,0.005
A1655,DUP,1.5,
A1656,CRM,<0.02,0.01
A1657,BLK,ND,0.005
A1658,DUP,1.5,
A1659,CRM,<0.02,0.01
A1660,BLK,ND,0.005
A1661,DUP,1.5,
A1662,CRM,<0.02,0.01
A1663,BLK,ND,0.005
A1664,DUP,1.5,
A1665,CRM,<0.02,0.01
A1666,BLK,ND,0.005
A1667,DUP,1.5,
A1668,CRM,<0.02,0.01
A1669,BLK,ND,0.005
A1670,DUP,1.5,
A1671,CRM,<0.02,0.01
A1672,BLK,ND,0.005
A1673,DUP,1.5,
A1674,CRM,<0.02,0.01
A1675,BLK,ND,0.005
A1676,DUP,1.5,
A1677,CRM,<0.02,0.01
A1678,BLK,ND,0.005
A1679,DUP,1.5,
A1680,CRM,<0.02,0.01
A1681,BLK,ND,0.005
A1682,DUP,1.5,
A1683,CRM,<0.02,0.01
A1684,BLK,ND,0.005
A1685,DUP,1.5,
A1686,CRM,<0.02,0.01
A1687,BLK,ND,0.005
A1688,DUP,1.5,
A1689,CRM,<0.02,0.01
A1690,BLK,ND,0.005
A1691,DUP,1.5,
A1692,CRM,<0.02,0.01
A1693,BLK,ND,0.005
A1694,DUP,1.5,
A1695,CRM,<0.02,0.01
A1696,BLK,ND,0.005
A1697,DUP,1.5,
A1698,CRM,<0.02,0.01
A1699,BLK,ND,0.005
A1700,DUP,1.5,
A1701,CRM,<0.02,0.01
A1702,BLK,ND,0.005
A1703,DUP,1.5,
A1704,CRM,<0.02,0.01
A1705,BLK,ND,0.005
A1706,DUP,1.5,
A1707,CRM,<0.02,0.01
A1708,BLK,ND,0.005
A1709,DUP,1.5,
A1710,CRM,<0.02,0.01
A1711,BLK,ND,0.005
A1712,DUP,1.5,
A1713,CRM,<0.02,0.01
A1714,BLK,ND,0.005
A1715,DUP,1.5,
A1716,CRM,<0.02,0.01
A1717,BLK,ND,0.005
A1718,DUP,1.5,
A1719,CRM,<0.02,0.01
A1720,BLK,ND,0.005
A1721,DUP,1.5,
A1722,CRM,<0.02,0.01
A1723,BLK,ND,0.005
A1724,DUP,1.5,
A1725,CRM,<0.02,0.01
A1726,BLK,ND,0.005
A1727,DUP,1.5,
A1728,CRM,<0.02,0.01
A1729,BLK,ND,0.005
A1730,DUP,1.5,
A1731,CRM,<0.02,0.01
A1732,BLK,ND,0.005
A1733,DUP,1.5,
A1734,CRM,<0.02,0.01
A1735,BLK,ND,0.005
A1736,DUP,1.5,
A1737,CRM,<0.02,0.01
A1738,BLK,ND,0.005
A1739,DUP,1.5,
A1740,CRM,<0.02,0.01
A1741,BLK,ND,0.005
A1742,DUP,1.5,
A1743,CRM,<0.02,0.01
A1744,BLK,ND,0.005
A1745,DUP,1.5,
A1746,CRM,<0.02,0.01
A1747,BLK,ND,0.005
A1748,DUP,1.5,
A1749,CRM,<0.02,0.01
A1750,BLK,ND,0.005
A1751,DUP,1.5,
A1752,CRM,<0.02,0.01
A1753,BLK,ND,0.005
A1754,DUP,1.5,
A1755,CRM,<0.02,0.01
A1756,BLK,ND,0.005
A1757,DUP,1.5,
A1758,CRM,<0.02,0.01
A1759,BLK,ND,0.005
A1760,DUP,1.5,
A1761,CRM,<0.02,0.01
A1762,BLK,ND,0.005
A1763,DUP,1.5,
A1764,CRM,<0.02,0.01
A1765,BLK,ND,0.005
A1766,DUP,1.5,
A1767,CRM,<0.02,0.01
A1768,BLK,ND,0.005
A1769,DUP,1.5,
A1770,CRM,<0.02,0.01
A1771,BLK,ND,0.005
A1772,DUP,1.5,
A1773,CRM,<0.02,0.01
A1774,BLK,ND,0.005
A1775,DUP,1.5,
A1776,CRM,<0.02,0.01
A1777,BLK,ND,0.005
A1778,DUP,1.5,
A1779,CRM,<0.02,0.01
A1780,BLK,ND,0.005
A1781,DUP,1.5,
A1782,CRM,<0.02,0.01
A1783,BLK,ND,0.005
A1784,DUP,1.5,
A1785,CRM,<0.02,0.01
A1786,BLK,ND,0.005
A1787,DUP,1.5,
A1788,CRM,<0.02,0.01
A1789,BLK,ND,0.005
A1790,DUP,1.5,
A1791,CRM,<0.02,0.01
A1792,BLK,ND,0.005
A1793,DUP,1.5,
A1794,CRM,<0.02,0.01
A1795,BLK,ND,0.005
A1796,DUP,1.5,
A1797,CRM,<0.02,0.01
A1798,BLK,ND,0.005
A1799,DUP,1.5,
A1800,CRM,<0.02,0.01
A1801,BLK,ND,0.005
A1802,DUP,1.5,
A1803,CRM,<0.02,0.01
A1804,BLK,ND,0.005
A1805,DUP,1.5,
A1806,CRM,<0.02,0.01
A1807,BLK,ND,0.005
A1808,DUP,1.5,
A1809,CRM,<0.02,0.01
A1810,BLK,ND,0.005
A1811,DUP,1.5,
A1812,CRM,<0.02,0.01
A1813,BLK,ND,0.005
A1814,DUP,1.5,
A1815,CRM,<0.02,0.01
A1816,BLK,ND,0.005
A1817,DUP,1.5,
A1818,CRM,<0.02,0.01
A1819,BLK,ND,0.005
A1820,DUP,1.5,
A1821,CRM,<0.02,0.01
A1822,BLK,ND,0.005
A1823,DUP,1.5,
A1824,CRM,<0.02,0.01
A1825,BLK,ND,0.005
A1826,DUP,1.5,
A1827,CRM,<0.02,0.01
A1828,BLK,ND,0.005
A1829,DUP,1.5,
A1830,CRM,<0.02,0.01
A1831,BLK,ND,0.005
A1832,DUP,1.5,
A1833,CRM,<0.02,0.01
A1834,BLK,ND,0.005
A1835,DUP,1.5,
A1836,CRM,<0.02,0.01
A1837,BLK,ND,0.005
A1838,DUP,1.5,
A1839,CRM,<0.02,0.01
A1840,BLK,ND,0.005
A1841,DUP,1.5,
A1842,CRM,<0.02,0.01
A1843,BLK,ND,0.005
A1844,DUP,1.5,
A1845,CRM,<0.02,0.01
A1846,BLK,ND,0.005
A1847,DUP,1.5,
A1848,CRM,<0.02,0.01
A1849,BLK,ND,0.005
A1850,DUP,1.5,
A1851,CRM,<0.02,0.01
A1852,BLK,ND,0.005
A1853,DUP,1.5,
A1854,CRM,<0.02,0.01
A1855,BLK,ND,0.005
A1856,DUP,1.5,
A1857,CRM,<0.02,0.01
A1858,BLK,ND,0.005
A1859,DUP,1.5,
A1860,CRM,<0.02,0.01
A1861,BLK,ND,0.005
A1862,DUP,1.5,
A1863,CRM,<0.02,0.01
A1864,BLK,ND,0.005
A1865,DUP,1.5,
A1866,CRM,<0.02,0.01
A1867,BLK,ND,0.005
A1868,DUP,1.5,
A1869,CRM,<0.02,0.01
A1870,BLK,ND,0.005
A1871,DUP,1.5,
A1872,CRM,<0.02,0.01
A1873,BLK,ND,0.005
A1874,DUP,1.5,
A1875,CRM,<0.02,0.01
A1876,BLK,ND,0.005
A1877,DUP,1.5,
A1878,CRM,<0.02,0.01
A1879,BLK,ND,0.005
A1880,DUP,1.5,
A1881,CRM,<0.02,0.01
A1882,BLK,ND,0.005
A1883,DUP,1.5,
A1884,CRM,<0.02,0.01
A1885,BLK,ND,0.005
A1886,DUP,1.5,
A1887,CRM,<0.02,0.01
A1888,BLK,ND,0.005
A1889,DUP,1.5,
A1890,CRM,<0.02,0.01
A1891,BLK,ND,0.005
A1892,DUP,1.5,
A1893,CRM,<0.02,0.01
A1894,BLK,ND,0.005
A1895,DUP,1.5,
A1896,CRM,<0.02,0.01
A1897,BLK,ND,0.005
A1898,DUP,1.5,
A1899,CRM,<0.02,0.01
A1900,BLK,ND,0.005
A1901,DUP,1.5,
A1902,CRM,<0.02,0.01
A1903,BLK,ND,0.005
A1904,DUP,1.5,
A1905,CRM,<0.02,0.01
A1906,BLK,ND,0.005
A1907,DUP,1.5,
A1908,CRM,<0.02,0.01
A1909,BLK,ND,0.005
A1910,DUP,1.5,
A1911,CRM,<0.02,0.01
A1912,BLK,ND,0.005
A1913,DUP,1.5,
A1914,CRM,<0.02,0.01
A1915,BLK,ND,0.005
A1916,DUP,1.5,
A1917,CRM,<0.02,0.01
A1918,BLK,ND,0.005
A1919,DUP,1.5,
A1920,CRM,<0.02,0.01
A1921,BLK,ND,0.005
A1922,DUP,1.5,
A1923,CRM,<0.02,0.01
A1924,BLK,ND,0.005
A1925,DUP,1.5,
A1926,CRM,<0.02,0.01
A1927,BLK,ND,0.005
A1928,DUP,1.5,
A1929,CRM,<0.02,0.01
A1930,BLK,ND,0.005
A1931,DUP,1.5,
A1932,CRM,<0.02,0.01
A1933,BLK,ND,0.005
A1934,DUP,1.5,
A1935,CRM,<0.02,0.01
A1936,BLK,ND,0.005
A1937,DUP,1.5,
A1938,CRM,<0.02,0.01
A1939,BLK,ND,0.005
A1940,DUP,1.5,
A1941,CRM,<0.02,0.01
A1942,BLK,ND,0.005
A1943,DUP,1.5,
A1944,CRM,<0.02,0.01
A1945,BLK,ND,0.005
A1946,DUP,1.5,
A1947,CRM,<0.02,0.01
A1948,BLK,ND,0.005
A1949,DUP,1.5,
A1950,CRM,<0.02,0.01
A1951,BLK,ND,0.005
A1952,DUP,1.5,
A1953,CRM,<0.02,0.01
A1954,BLK,ND,0.005
A1955,DUP,1.5,
A1956,CRM,<0.02,0.01
A1957,BLK,ND,0.005
A1958,DUP,1.5,
A1959,CRM,<0.02,0.01
A1960,BLK,ND,0.005
A1961,DUP,1.5,
A1962,CRM,<0.02,0.01
A1963,BLK,ND,0.005
A1964,DUP,1.5,
A1965,CRM,<0.02,0.01
A1966,BLK,ND,0.005
A1967,DUP,1.5,
A1968,CRM,<0.02,0.01
A1969,BLK,ND,0.005
A1970,DUP,1.5,
A1971,CRM,<0.02,0.01
A1972,BLK,ND,0.005
A1973,DUP,1.5,
A1974,CRM,<0.02,0.01
A1975,BLK,ND,0.005
A1976,DUP,1.5,
A1977,CRM,<0.02,0.01
A1978,BLK,ND,0.005
A1979,DUP,1.5,
A1980,CRM,<0.02,0.01
A1981,BLK,ND,0.005
A1982,DUP,1.5,
A1983,CRM,<0.02,0.01
A1984,BLK,ND,0.005
A1985,DUP,1.5,
A1986,CRM,<0.02,0.01
A1987,BLK,ND,0.005
A1988,DUP,1.5,
A1989,CRM,<0.02,0.01
A1990,BLK,ND,0.005
A1991,DUP,1.5,
A1992,CRM,<0.02,0.01
A1993,BLK,ND,0.005
A1994,DUP,1.5,
A1995,CRM,<0.02,0.01
A1996,BLK,ND,0.005
A1997,DUP,1.5,
A1998,CRM,<0.02,0.01
A1999,BLK,ND,0.005
A2000,DUP,1.5,
A2001,CRM,<0.02,0.01
A2002,BLK,ND,0.005
A2003,DUP,1.5,
A2004,CRM,<0.02,0.01
A2005,BLK,ND,0.005
A2006,DUP,1.5,
A2007,CRM,<0.02,0.01
A2008,BLK,ND,0.005
A2009,DUP,1.5,
A2010,CRM,<0.02,0.01
A2011,BLK,ND,0.005
A2012,DUP,1.5,
A2013,CRM,<0.02,0.01
A2014,BLK,ND,0.005
A2015,DUP,1.5,
A2016,CRM,<0.02,0.01
A2017,BLK,ND,0.005
A2018,DUP,1.5,
A2019,CRM,<0.02,0.01
A2020,BLK,ND,0.005
A2021,DUP,1.5,
A2022,CRM,<0.02,0.01
A2023,BLK,ND,0.005
A2024,DUP,1.5,
A2025,CRM,<0.02,0.01
A2026,BLK,ND,0.005
A2027,DUP,1.5,
A2028,CRM,<0.02,0.01
A2029,BLK,ND,0.005
A2030,DUP,1.5,
A2031,CRM,<0.02,0.01
A2032,BLK,ND,0.005
A2033,DUP,1.5,
A2034,CRM,<0.02,0.01
A2035,BLK,ND,0.005
A2036,DUP,1.5,
A2037,CRM,<0.02,0.01
A2038,BLK,ND,0.005
A2039,DUP,1.5,
A2040,CRM,<0.02,0.01
A2041,BLK,ND,0.005
A2042,DUP,1.5,
A2043,CRM,<0.02,0.01
A2044,BLK,ND,0.005
A2045,DUP,1.5,
A2046,CRM,<0.02,0.01
A2047,BLK,ND,0.005
A2048,DUP,1.5,
A2049,CRM,<0.02,0.01
A2050,BLK,ND,0.005
A2051,DUP,1.5,
A2052,CRM,<0.02,0.01
A2053,BLK,ND,0.005
A2054,DUP,1.5,
A2055,CRM,<0.02,0.01
A2056,BLK,ND,0.005
A2057,DUP,1.5,
A2058,CRM,<0.02,0.01
A2059,BLK,ND,0.005
A2060,DUP,1.5,
A2061,CRM,<0.02,0.01
A2062,BLK,ND,0.005
A2063,DUP,1.5,
A2064,CRM,<0.02,0.01
A2065,BLK,ND,0.005
A2066,DUP,1.5,
A2067,CRM,<0.02,0.01
A2068,BLK,ND,0.005
A2069,DUP,1.5,
A2070,CRM,<0.02,0.01
A2071,BLK,ND,0.005
A2072,DUP,1.5,
A2073,CRM,<0.02,0.01
A2074,BLK,ND,0.005
A2075,DUP,1.5,
A2076,CRM,<0.02,0.01
A2077,BLK,ND,0.005
A2078,DUP,1.5,
A2079,CRM,<0.02,0.01
A2080,BLK,ND,0.005
A2081,DUP,1.5,
A2082,CRM,<0.02,0.01
A2083,BLK,ND,0.005
A2084,DUP,1.5,
A2085,CRM,<0.02,0.01
A2086,BLK,ND,0.005
A2087,DUP,1.5,
A2088,CRM,<0.02,0.01
A2089,BLK,ND,0.005
A2090,DUP,1.5,
A2091,CRM,<0.02,0.01
A2092,BLK,ND,0.005
A2093,DUP,1.5,
A2094,CRM,<0.02,0.01
A2095,BLK,ND,0.005
A2096,DUP,1.5,
A2097,CRM,<0.02,0.01
A2098,BLK,ND,0.005
A2099,DUP,1.5,
A2100,CRM,<0.02,0.01
A2101,BLK,ND,0.005
A2102,DUP,1.5,
A2103,CRM,<0.02,0.01
A2104,BLK,ND,0.005
A2105,DUP,1.5,
A2106,CRM,<0.02,0.01
A2107,BLK,ND,0.005
A2108,DUP,1.5,
A2109,CRM,<0.02,0.01
A2110,BLK,ND,0.005
A2111,DUP,1.5,
A2112,CRM,<0.02,0.01
A2113,BLK,ND,0.005
A2114,DUP,1.5,
A2115,CRM,<0.02,0.01
A2116,BLK,ND,0.005
A2117,DUP,1.5,
A2118,CRM,<0.02,0.01
A2119,BLK,ND,0.005
A2120,DUP,1.5,
A2121,CRM,<0.02,0.01
A2122,BLK,ND,0.005
A2123,DUP,1.5,
A2124,CRM,<0.02,0.01
A2125,BLK,ND,0.005
A2126,DUP,1.5,
A2127,CRM,<0.02,0.01
A2128,BLK,ND,0.005
A2129,DUP,1.5,
A2130,CRM,<0.02,0.01
A2131,BLK,ND,0.005
A2132,DUP,1.5,
A2133,CRM,<0.02,0.01
A2134,BLK,ND,0.005
A2135,DUP,1.5,
A2136,CRM,<0.02,0.01
A2137,BLK,ND,0.005
A2138,DUP,1.5,
A2139,CRM,<0.02,0.01
A2140,BLK,ND,0.005
A2141,DUP,1.5,
A2142,CRM,<0.02,0.01
A2143,BLK,ND,0.005
A2144,DUP,1.5,
A2145,CRM,<0.02,0.01
A2146,BLK,ND,0.005
A2147,DUP,1.5,
A2148,CRM,<0.02,0.01
A2149,BLK,ND,0.005
A2150,DUP,1.5,
A2151,CRM,<0.02,0.01
A2152,BLK,ND,0.005
A2153,DUP,1.5,
A2154,CRM,<0.02,0.01
A2155,BLK,ND,0.005
A2156,DUP,1.5,
A2157,CRM,<0.02,0.01
A2158,BLK,ND,0.005
A2159,DUP,1.5,
A2160,CRM,<0.02,0.01
A2161,BLK,ND,0.005
A2162,DUP,1.5,
A2163,CRM,<0.02,0.01
A2164,BLK,ND,0.005
A2165,DUP,1.5,
A2166,CRM,<0.02,0.01
A2167,BLK,ND,0.005
A2168,DUP,1.5,
A2169,CRM,<0.02,0.01
A2170,BLK,ND,0.005
A2171,DUP,1.5,
A2172,CRM,<0.02,0.01
A2173,BLK,ND,0.005
A2174,DUP,1.5,
A2175,CRM,<0.02,0.01
A2176,BLK,ND,0.005
A2177,DUP,1.5,
A2178,CRM,<0.02,0.01
A2179,BLK,ND,0.005
A2180,DUP,1.5,
A2181,CRM,<0.02,0.01
A2182,BLK,ND,0.005
A2183,DUP,1.5,
A2184,CRM,<0.02,0.01
A2185,BLK,ND,0.005
A2186,DUP,1.5,
A2187,CRM,<0.02,0.01
A2188,BLK,ND,0.005
A2189,DUP,1.5,
A2190,CRM,<0.02,0.01
A2191,BLK,ND,0.005
A2192,DUP,1.5,
A2193,CRM,<0.02,0.01
A2194,BLK,ND,0.005
A2195,DUP,1.5,
A2196,CRM,<0.02,0.01
A2197,BLK,ND,0.005
A2198,DUP,1.5,
A2199,CRM,<0.02,0.01
A2200,BLK,ND,0.005
A2201,DUP,1.5,
A2202,CRM,<0.02,0.01
A2203,BLK,ND,0.005
A2204,DUP,1.5,
A2205,CRM,<0.02,0.01
A2206,BLK,ND,0.005
A2207,DUP,1.5,
A2208,CRM,<0.02,0.01
A2209,BLK,ND,0.005
A2210,DUP,1.5,
A2211,CRM,<0.02,0.01
A2212,BLK,ND,0.005
A2213,DUP,1.5,
A2214,CRM,<0.02,0.01
A2215,BLK,ND,0.005
A2216,DUP,1.5,
A2217,CRM,<0.02,0.01
A2218,BLK,ND,0.005
A2219,DUP,1.5,
A2220,CRM,<0.02,0.01
A2221,BLK,ND,0.005
A2222,DUP,1.5,
A2223,CRM,<0.02,0.01
A2224,BLK,ND,0.005
A2225,DUP,1.5,
A2226,CRM,<0.02,0.01
A2227,BLK,ND,0.005
A2228,DUP,1.5,
A2229,CRM,<0.02,0.01
A2230,BLK,ND,0.005
A2231,DUP,1.5,
A2232,CRM,<0.02,0.01
A2233,BLK,ND,0.005
A2234,DUP,1.5,
A2235,CRM,<0.02,0.01
A2236,BLK,ND,0.005
A2237,DUP,1.5,
A2238,CRM,<0.02,0.01
A2239,BLK,ND,0.005
A2240,DUP,1.5,
A2241,CRM,<0.02,0.01
A2242,BLK,ND,0.005
A2243,DUP,1.5,
A2244,CRM,<0.02,0.01
A2245,BLK,ND,0.005
A2246,DUP,1.5,
A2247,CRM,<0.02,0.01
A2248,BLK,ND,0.005
A2249,DUP,1.5,
A2250,CRM,<0.02,0.01
A2251,BLK,ND,0.005
A2252,DUP,1.5,
A2253,CRM,<0.02,0.01
A2254,BLK,ND,0.005
A2255,DUP,1.5,
A2256,CRM,<0.02,0.01
A2257,BLK,ND,0.005
A2258,DUP,1.5,
A2259,CRM,<0.02,0.01
A2260,BLK,ND,0.005
A2261,DUP,1.5,
A2262,CRM,<0.02,0.01
A2263,BLK,ND,0.005
A2264,DUP,1.5,
A2265,CRM,<0.02,0.01
A2266,BLK,ND,0.005
A2267,DUP,1.5,
A2268,CRM,<0.02,0.01
A2269,BLK,ND,0.005
A2270,DUP,1.5,
A2271,CRM,<0.02,0.01
A2272,BLK,ND,0.005
A2273,DUP,1.5,
A2274,CRM,<0.02,0.01
A2275,BLK,ND,0.005
A2276,DUP,1.5,
A2277,CRM,<0.02,0.01
A2278,BLK,ND,0.005
A2279,DUP,1.5,
A2280,CRM,<0.02,0.01
A2281,BLK,ND,0.005
A2282,DUP,1.5,
A2283,CRM,<0.02,0.01
A2284,BLK,ND,0.005
A2285,DUP,1.5,
A2286,CRM,<0.02,0.01
A2287,BLK,ND,0.005
A2288,DUP,1.5,
A2289,CRM,<0.02,0.01
A2290,BLK,ND,0.005
A2291,DUP,1.5,
A2292,CRM,<0.02,0.01
A2293,BLK,ND,0.005
A2294,DUP,1.5,
A2295,CRM,<0.02,0.01
A2296,BLK,ND,0.005
A2297,DUP,1.5,
A2298,CRM,<0.02,0.01
A2299,BLK,ND,0.005
A2300,DUP,1.5,
A2301,CRM,<0.02,0.01
A2302,BLK,ND,0.005
A2303,DUP,1.5,
A2304,CRM,<0.02,0.01
A2305,BLK,ND,0.005
A2306,DUP,1.5,
A2307,CRM,<0.02,0.01
A2308,BLK,ND,0.005
A2309,DUP,1.5,
A2310,CRM,<0.02,0.01
A2311,BLK,ND,0.005
A2312,DUP,1.5,
A2313,CRM,<0.02,0.01
A2314,BLK,ND,0.005
A2315,DUP,1.5,
A2316,CRM,<0.02,0.01
A2317,BLK,ND,0.005
A2318,DUP,1.5,
A2319,CRM,<0.02,0.01
A2320,BLK,ND,0.005
A2321,DUP,1.5,
A2322,CRM,<0.02,0.01
A2323,BLK,ND,0.005
A2324,DUP,1.5,
A2325,CRM,<0.02,0.01
A2326,BLK,ND,0.005
A2327,DUP,1.5,
A2328,CRM,<0.02,0.01
A2329,BLK,ND,0.005
A2330,DUP,1.5,
A2331,CRM,<0.02,0.01
A2332,BLK,ND,0.005
A2333,DUP,1.5,
A2334,CRM,<0.02,0.01
A2335,BLK,ND,0.005
A2336,DUP,1.5,
A2337,CRM,<0.02,0.01
A2338,BLK,ND,0.005
A2339,DUP,1.5,
A2340,CRM,<0.02,0.01
A2341,BLK,ND,0.005
A2342,DUP,1.5,
A2343,CRM,<0.02,0.01
A2344,BLK,ND,0.005
A2345,DUP,1.5,
A2346,CRM,<0.02,0.01
A2347,BLK,ND,0.005
A2348,DUP,1.5,
A2349,CRM,<0.02,0.01
A2350,BLK,ND,0.005
A2351,DUP,1.5,
A2352,CRM,<0.02,0.01
A2353,BLK,ND,0.005
A2354,DUP,1.5,
A2355,CRM,<0.02,0.01
A2356,BLK,ND,0.005
A2357,DUP,1.5,
A2358,CRM,<0.02,0.01
A2359,BLK,ND,0.005
A2360,DUP,1.5,
A2361,CRM,<0.02,0.01
A2362,BLK,ND,0.005
A2363,DUP,1.5,
A2364,CRM,<0.02,0.01
A2365,BLK,ND,0.005
A2366,DUP,1.5,
A2367,CRM,<0.02,0.01
A2368,BLK,ND,0.005
A2369,DUP,1.5,
A2370,CRM,<0.02,0.01
A2371,BLK,ND,0.005
A2372,DUP,1.5,
A2373,CRM,<0.02,0.01
A2374,BLK,ND,0.005
A2375,DUP,1.5,
A2376,CRM,<0.02,0.01
A2377,BLK,ND,0.005
A2378,DUP,1.5,
A2379,CRM,<0.02,0.01
A2380,BLK,ND,0.005
A2381,DUP,1.5,
A2382,CRM,<0.02,0.01
A2383,BLK,ND,0.005
A2384,DUP,1.5,
A2385,CRM,<0.02,0.01
A2386,BLK,ND,0.005
A2387,DUP,1.5,
A2388,CRM,<0.02,0.01
A2389,BLK,ND,0.005
A2390,DUP,1.5,
A2391,CRM,<0.02,0.01
A2392,BLK,ND,0.005
A2393,DUP,1.5,
A2394,CRM,<0.02,0.01
A2395,BLK,ND,0.005
A2396,DUP,1.5,
A2397,CRM,<0.02,0.01
A2398,BLK,ND,0.005
A2399,DUP,1.5,
A2400,CRM,<0.02,0.01
A2401,BLK,ND,0.005
A2402,DUP,1.5,
A2403,CRM,<0.02,0.01
A2404,BLK,ND,0.005
A2405,DUP,1.5,
A2406,CRM,<0.02,0.01
A2407,BLK,ND,0.005
A2408,DUP,1.5,
A2409,CRM,<0.02,0.01
A2410,BLK,ND,0.005
A2411,DUP,1.5,
A2412,CRM,<0.02,0.01
A2413,BLK,ND,0.005
A2414,DUP,1.5,
A2415,CRM,<0.02,0.01
A2416,BLK,ND,0.005
A2417,DUP,1.5,
A2418,CRM,<0.02,0.01
A2419,BLK,ND,0.005
A2420,DUP,1.5,
A2421,CRM,<0.02,0.01
A2422,BLK,ND,0.005
A2423,DUP,1.5,
A2424,CRM,<0.02,0.01
A2425,BLK,ND,0.005
A2426,DUP,1.5,
A2427,CRM,<0.02,0.01
A2428,BLK,ND,0.005
A2429,DUP,1.5,
A2430,CRM,<0.02,0.01
A2431,BLK,ND,0.005
A2432,DUP,1.5,
A2433,CRM,<0.02,0.01
A2434,BLK,ND,0.005
A2435,DUP,1.5,
A2436,CRM,<0.02,0.01
A2437,BLK,ND,0.005
A2438,DUP,1.5,
A2439,CRM,<0.02,0.01
A2440,BLK,ND,0.005
A2441,DUP,1.5,
A2442,CRM,<0.02,0.01
A2443,BLK,ND,0.005
A2444,DUP,1.5,
A2445,CRM,<0.02,0.01
A2446,BLK,ND,0.005
A2447,DUP,1.5,
A2448,CRM,<0.02,0.01
A2449,BLK,ND,0.005
A2450,DUP,1.5,
A2451,CRM,<0.02,0.01
A2452,BLK,ND,0.005
A2453,DUP,1.5,
A2454,CRM,<0.02,0.01
A2455,BLK,ND,0.005
A2456,DUP,1.5,
A2457,CRM,<0.02,0.01
A2458,BLK,ND,0.005
A2459,DUP,1.5,
A2460,CRM,<0.02,0.01
A2461,BLK,ND,0.005
A2462,DUP,1.5,
A2463,CRM,<0.02,0.01
A2464,BLK,ND,0.005
A2465,DUP,1.5,
A2466,CRM,<0.02,0.01
A2467,BLK,ND,0.005
A2468,DUP,1.5,
A2469,CRM,<0.02,0.01
A2470,BLK,ND,0.005
A2471,DUP,1.5,
A2472,CRM,<0.02,0.01
A2473,BLK,ND,0.005
A2474,DUP,1.5,
A2475,CRM,<0.02,0.01
A2476,BLK,ND,0.005
A2477,DUP,1.5,
A2478,CRM,<0.02,0.01
A2479,BLK,ND,0.005
A2480,DUP,1.5,
A2481,CRM,<0.02,0.01
A2482,BLK,ND,0.005
A2483,DUP,1.5,
A2484,CRM,<0.02,0.01
A2485,BLK,ND,0.005
A2486,DUP,1.5,
A2487,CRM,<0.02,0.01
A2488,BLK,ND,0.005
A2489,DUP,1.5,
A2490,CRM,<0.02,0.01
A2491,BLK,ND,0.005
A2492,DUP,1.5,
A2493,CRM,<0.02,0.01
A2494,BLK,ND,0.005
A2495,DUP,1.5,
A2496,CRM,<0.02,0.01
A2497,BLK,ND,0.005
A2498,DUP,1.5,
A2499,CRM,<0.02,0.01
A2500,BLK,ND,0.005
A2501,DUP,1.5,
A2502,CRM,<0.02,0.01
A2503,BLK,ND,0.005
A2504,DUP,1.5,
A2505,CRM,<0.02,0.01
A2506,BLK,ND,0.005
A2507,DUP,1.5,
A2508,CRM,<0.02,0.01
A2509,BLK,ND,0.005
A2510,DUP,1.5,
A2511,CRM,<0.02,0.01
A2512,BLK,ND,0.005
A2513,DUP,1.5,
A2514,CRM,<0.02,0.01
A2515,BLK,ND,0.005
A2516,DUP,1.5,
A2517,CRM,<0.02,0.01
A2518,BLK,ND,0.005
A2519,DUP,1.5,
A2520,CRM,<0.02,0.01
A2521,BLK,ND,0.005
A2522,DUP,1.5,
A2523,CRM,<0.02,0.01
A2524,BLK,ND,0.005
A2525,DUP,1.5,
A2526,CRM,<0.02,0.01
A2527,BLK,ND,0.005
A2528,DUP,1.5,
A2529,CRM,<0.02,0.01
A2530,BLK,ND,0.005
A2531,DUP,1.5,
A2532,CRM,<0.02,0.01
A2533,BLK,ND,0.005
A2534,DUP,1.5,
A2535,CRM,<0.02,0.01
A2536,BLK,ND,0.005
A2537,DUP,1.5,
A2538,CRM,<0.02,0.01
A2539,BLK,ND,0.005
A2540,DUP,1.5,
A2541,CRM,<0.02,0.01
A2542,BLK,ND,0.005
A2543,DUP,1.5,
A2544,CRM,<0.02,0.01
A2545,BLK,ND,0.005
A2546,DUP,1.5,
A2547,CRM,<0.02,0.01
A2548,BLK,ND,0.005
A2549,DUP,1.5,
A2550,CRM,<0.02,0.01
A2551,BLK,ND,0.005
A2552,DUP,1.5,
A2553,CRM,<0.02,0.01
A2554,BLK,ND,0.005
A2555,DUP,1.5,
A2556,CRM,<0.02,0.01
A2557,BLK,ND,0.005
A2558,DUP,1.5,
A2559,CRM,<0.02,0.01
A2560,BLK,ND,0.005
A2561,DUP,1.5,
A2562,CRM,<0.02,0.01
A2563,BLK,ND,0.005
A2564,DUP,1.5,
A2565,CRM,<0.02,0.01
A2566,BLK,ND,0.005
A2567,DUP,1.5,
A2568,CRM,<0.02,0.01
A2569,BLK,ND,0.005
A2570,DUP,1.5,
A2571,CRM,<0.02,0.01
A2572,BLK,ND,0.005
A2573,DUP,1.5,
A2574,CRM,<0.02,0.01
A2575,BLK,ND,0.005
A2576,DUP,1.5,
A2577,CRM,<0.02,0.01
A2578,BLK,ND,0.005
A2579,DUP,1.5,
A2580,CRM,<0.02,0.01
A2581,BLK,ND,0.005
A2582,DUP,1.5,
A2583,CRM,<0.02,0.01
A2584,BLK,ND,0.005
A2585,DUP,1.5,
A2586,CRM,<0.02,0.01
A2587,BLK,ND,0.005
A2588,DUP,1.5,
A2589,CRM,<0.02,0.01
A2590,BLK,ND,0.005
A2591,DUP,1.5,
A2592,CRM,<0.02,0.01
A2593,BLK,ND,0.005
A2594,DUP,1.5,
A2595,CRM,<0.02,0.01
A2596,BLK,ND,0.005
A2597,DUP,1.5,
A2598,CRM,<0.02,0.01
A2599,BLK,ND,0.005
A2600,DUP,1.5,
A2601,CRM,<0.02,0.01
A2602,BLK,ND,0.005
A2603,DUP,1.5,
A2604,CRM,<0.02,0.01
A2605,BLK,ND,0.005
A2606,DUP,1.5,
A2607,CRM,<0.02,0.01
A2608,BLK,ND,0.005
A2609,DUP,1.5,
A2610,CRM,<0.02,0.01
A2611,BLK,ND,0.005
A2612,DUP,1.5,
A2613,CRM,<0.02,0.01
A2614,BLK,ND,0.005
A2615,DUP,1.5,
A2616,CRM,<0.02,0.01
A2617,BLK,ND,0.005
A2618,DUP,1.5,
A2619,CRM,<0.02,0.01
A2620,BLK,ND,0.005
A2621,DUP,1.5,
A2622,CRM,<0.02,0.01
A2623,BLK,ND,0.005
A2624,DUP,1.5,
A2625,CRM,<0.02,0.01
A2626,BLK,ND,0.005
A2627,DUP,1.5,
A2628,CRM,<0.02,0.01
A2629,BLK,ND,0.005
A2630,DUP,1.5,
A2631,CRM,<0.02,0.01
A2632,BLK,ND,0.005
A2633,DUP,1.5,
A2634,CRM,<0.02,0.01
A2635,BLK,ND,0.005
A2636,DUP,1.5,
A2637,CRM,<0.02,0.01
A2638,BLK,ND,0.005
A2639,DUP,1.5,
A2640,CRM,<0.02,0.01
A2641,BLK,ND,0.005
A2642,DUP,1.5,
A2643,CRM,<0.02,0.01
A2644,BLK,ND,0.005
A2645,DUP,1.5,
A2646,CRM,<0.02,0.01
A2647,BLK,ND,0.005
A2648,DUP,1.5,
A2649,CRM,<0.02,0.01
A2650,BLK,ND,0.005
A2651,DUP,1.5,
A2652,CRM,<0.02,0.01
A2653,BLK,ND,0.005
A2654,DUP,1.5,
A2655,CRM,<0.02,0.01
A2656,BLK,ND,0.005
A2657,DUP,1.5,
A2658,CRM,<0.02,0.01
A2659,BLK,ND,0.005
A2660,DUP,1.5,
A2661,CRM,<0.02,0.01
A2662,BLK,ND,0.005
A2663,DUP,1.5,
A2664,CRM,<0.02,0.01
A2665,BLK,ND,0.005
A2666,DUP,1.5,
A2667,CRM,<0.02,0.01
A2668,BLK,ND,0.005
A2669,DUP,1.5,
A2670,CRM,<0.02,0.01
A2671,BLK,ND,0.005
A2672,DUP,1.5,
A2673,CRM,<0.02,0.01
A2674,BLK,ND,0.005
A2675,DUP,1.5,
A2676,CRM,<0.02,0.01
A2677,BLK,ND,0.005
A2678,DUP,1.5,
A2679,CRM,<0.02,0.01
A2680,BLK,ND,0.005
A2681,DUP,1.5,
A2682,CRM,<0.02,0.01
A2683,BLK,ND,0.005
A2684,DUP,1.5,
A2685,CRM,<0.02,0.01
A2686,BLK,ND,0.005
A2687,DUP,1.5,
A2688,CRM,<0.02,0.01
A2689,BLK,ND,0.005
A2690,DUP,1.5,
A2691,CRM,<0.02,0.01
A2692,BLK,ND,0.005
A2693,DUP,1.5,
A2694,CRM,<0.02,0.01
A2695,BLK,ND,0.005
A2696,DUP,1.5,
A2697,CRM,<0.02,0.01
A2698,BLK,ND,0.005
A2699,DUP,1.5,
A2700,CRM,<0.02,0.01
A2701,BLK,ND,0.005
A2702,DUP,1.5,
A2703,CRM,<0.02,0.01
A2704,BLK,ND,0.005
A2705,DUP,1.5,
A2706,CRM,<0.02,0.01
A2707,BLK,ND,0.005
A2708,DUP,1.5,
A2709,CRM,<0.02,0.01
A2710,BLK,ND,0.005
A2711,DUP,1.5,
A2712,CRM,<0.02,0.01
A2713,BLK,ND,0.005
A2714,DUP,1.5,
A2715,CRM,<0.02,0.01
A2716,BLK,ND,0.005
A2717,DUP,1.5,
A2718,CRM,<0.02,0.01
A2719,BLK,ND,0.005
A2720,DUP,1.5,
A2721,CRM,<0.02,0.01
A2722,BLK,ND,0.005
A2723,DUP,1.5,
A2724,CRM,<0.02,0.01
A2725,BLK,ND,0.005
A2726,DUP,1.5,
A2727,CRM,<0.02,0.01
A2728,BLK,ND,0.005
A2729,DUP,1.5,
A2730,CRM,<0.02,0.01
A2731,BLK,ND,0.005
A2732,DUP,1.5,
A2733,CRM,<0.02,0.01
A2734,BLK,ND,0.005
A2735,DUP,1.5,
A2736,CRM,<0.02,0.01
A2737,BLK,ND,0.005
A2738,DUP,1.5,
A2739,CRM,<0.02,0.01
A2740,BLK,ND,0.005
A2741,DUP,1.5,
A2742,CRM,<0.02,0.01
A2743,BLK,ND,0.005
A2744,DUP,1.5,
A2745,CRM,<0.02,0.01
A2746,BLK,ND,0.005
A2747,DUP,1.5,
A2748,CRM,<0.02,0.01
A2749,BLK,ND,0.005
A2750,DUP,1.5,
A2751,CRM,<0.02,0.01
A2752,BLK,ND,0.005
A2753,DUP,1.5,
A2754,CRM,<0.02,0.01
A2755,BLK,ND,0.005
A2756,DUP,1.5,
A2757,CRM,<0.02,0.01
A2758,BLK,ND,0.005
A2759,DUP,1.5,
A2760,CRM,<0.02,0.01
A2761,BLK,ND,0.005
A2762,DUP,1.5,
A2763,CRM,<0.02,0.01
A2764,BLK,ND,0.005
A2765,DUP,1.5,
A2766,CRM,<0.02,0.01
A2767,BLK,ND,0.005
A2768,DUP,1.5,
A2769,CRM,<0.02,0.01
A2770,BLK,ND,0.005
A2771,DUP,1.5,
A2772,CRM,<0.02,0.01
A2773,BLK,ND,0.005
A2774,DUP,1.5,
A2775,CRM,<0.02,0.01
A2776,BLK,ND,0.005
A2777,DUP,1.5,
A2778,CRM,<0.02,0.01
A2779,BLK,ND,0.005
A2780,DUP,1.5,
A2781,CRM,<0.02,0.01
A2782,BLK,ND,0.005
A2783,DUP,1.5,
A2784,CRM,<0.02,0.01
A2785,BLK,ND,0.005
A2786,DUP,1.5,
A2787,CRM,<0.02,0.01
A2788,BLK,ND,0.005
A2789,DUP,1.5,
A2790,CRM,<0.02,0.01
A2791,BLK,ND,0.005
A2792,DUP,1.5,
A2793,CRM,<0.02,0.01
A2794,BLK,ND,0.005
A2795,DUP,1.5,
A2796,CRM,<0.02,0.01
A2797,BLK,ND,0.005
A2798,DUP,1.5,
A2799,CRM,<0.02,0.01
A2800,BLK,ND,0.005
A2801,DUP,1.5,
A2802,CRM,<0.02,0.01
A2803,BLK,ND,0.005
A2804,DUP,1.5,
A2805,CRM,<0.02,0.01
A2806,BLK,ND,0.005
A2807,DUP,1.5,
A2808,CRM,<0.02,0.01
A2809,BLK,ND,0.005
A2810,DUP,1.5,
A2811,CRM,<0.02,0.01
A2812,BLK,ND,0.005
A2813,DUP,1.5,
A2814,CRM,<0.02,0.01
A2815,BLK,ND,0.005
A2816,DUP,1.5,
A2817,CRM,<0.02,0.01
A2818,BLK,ND,0.005
A2819,DUP,1.5,
A2820,CRM,<0.02,0.01
A2821,BLK,ND,0.005
A2822,DUP,1.5,
A2823,CRM,<0.02,0.01
A2824,BLK,ND,0.005
A2825,DUP,1.5,
A2826,CRM,<0.02,0.01
A2827,BLK,ND,0.005
A2828,DUP,1.5,
A2829,CRM,<0.02,0.01
A2830,BLK,ND,0.005
A2831,DUP,1.5,
A2832,CRM,<0.02,0.01
A2833,BLK,ND,0.005
A2834,DUP,1.5,
A2835,CRM,<0.02,0.01
A2836,BLK,ND,0.005
A2837,DUP,1.5,
A2838,CRM,<0.02,0.01
A2839,BLK,ND,0.005
A2840,DUP,1.5,
A2841,CRM,<0.02,0.01
A2842,BLK,ND,0.005
A2843,DUP,1.5,
A2844,CRM,<0.02,0.01
A2845,BLK,ND,0.005
A2846,DUP,1.5,
A2847,CRM,<0.02,0.01
A2848,BLK,ND,0.005
A2849,DUP,1.5,
A2850,CRM,<0.02,0.01
A2851,BLK,ND,0.005
A2852,DUP,1.5,
A2853,CRM,<0.02,0.01
A2854,BLK,ND,0.005
A2855,DUP,1.5,
A2856,CRM,<0.02,0.01
A2857,BLK,ND,0.005
A2858,DUP,1.5,
A2859,CRM,<0.02,0.01
A2860,BLK,ND,0.005
A2861,DUP,1.5,
A2862,CRM,<0.02,0.01
A2863,BLK,ND,0.005
A2864,DUP,1.5,
A2865,CRM,<0.02,0.01
A2866,BLK,ND,0.005
A2867,DUP,1.5,
A2868,CRM,<0.02,0.01
A2869,BLK,ND,0.005
A2870,DUP,1.5,
A2871,CRM,<0.02,0.01
A2872,BLK,ND,0.005
A2873,DUP,1.5,
A2874,CRM,<0.02,0.01
A2875,BLK,ND,0.005
A2876,DUP,1.5,
A2877,CRM,<0.02,0.01
A2878,BLK,ND,0.005
A2879,DUP,1.5,
A2880,CRM,<0.02,0.01
A2881,BLK,ND,0.005
A2882,DUP,1.5,
A2883,CRM,<0.02,0.01
A2884,BLK,ND,0.005
A2885,DUP,1.5,
A2886,CRM,<0.02,0.01
A2887,BLK,ND,0.005
A2888,DUP,1.5,
A2889,CRM,<0.02,0.01
A2890,BLK,ND,0.005
A2891,DUP,1.5,
A2892,CRM,<0.02,0.01
A2893,BLK,ND,0.005
A2894,DUP,1.5,
A2895,CRM,<0.02,0.01
A2896,BLK,ND,0.005
A2897,DUP,1.5,
A2898,CRM,<0.02,0.01
A2899,BLK,ND,0.005
A2900,DUP,1.5,
A2901,CRM,<0.02,0.01
A2902,BLK,ND,0.005
A2903,DUP,1.5,
A2904,CRM,<0.02,0.01
A2905,BLK,ND,0.005
A2906,DUP,1.5,
A2907,CRM,<0.02,0.01
A2908,BLK,ND,0.005
A2909,DUP,1.5,
A2910,CRM,<0.02,0.01
A2911,BLK,ND,0.005
A2912,DUP,1.5,
A2913,CRM,<0.02,0.01
A2914,BLK,ND,0.005
A2915,DUP,1.5,
A2916,CRM,<0.02,0.01
A2917,BLK,ND,0.005
A2918,DUP,1.5,
A2919,CRM,<0.02,0.01
A2920,BLK,ND,0.005
A2921,DUP,1.5,
A2922,CRM,<0.02,0.01
A2923,BLK,ND,0.005
A2924,DUP,1.5,
A2925,CRM,<0.02,0.01
A2926,BLK,ND,0.005
A2927,DUP,1.5,
A2928,CRM,<0.02,0.01
A2929,BLK,ND,0.005
A2930,DUP,1.5,
A2931,CRM,<0.02,0.01
A2932,BLK,ND,0.005
A2933,DUP,1.5,
A2934,CRM,<0.02,0.01
A2935,BLK,ND,0.005
A2936,DUP,1.5,
A2937,CRM,<0.02,0.01
A2938,BLK,ND,0.005
A2939,DUP,1.5,
A2940,CRM,<0.02,0.01
A2941,BLK,ND,0.005
A2942,DUP,1.5,
A2943,CRM,<0.02,0.01
A2944,BLK,ND,0.005
A2945,DUP,1.5,
A2946,CRM,<0.02,0.01
A2947,BLK,ND,0.005
A2948,DUP,1.5,
A2949,CRM,<0.02,0.01
A2950,BLK,ND,0.005
A2951,DUP,1.5,
A2952,CRM,<0.02,0.01
A2953,BLK,ND,0.005
A2954,DUP,1.5,
A2955,CRM,<0.02,0.01
A2956,BLK,ND,0.005
A2957,DUP,1.5,
A2958,CRM,<0.02,0.01
A2959,BLK,ND,0.005
A2960,DUP,1.5,
A2961,CRM,<0.02,0.01
A2962,BLK,ND,0.005
A2963,DUP,1.5,
A2964,CRM,<0.02,0.01
A2965,BLK,ND,0.005
A2966,DUP,1.5,
A2967,CRM,<0.02,0.01
A2968,BLK,ND,0.005
A2969,DUP,1.5,
A2970,CRM,<0.02,0.01
A2971,BLK,ND,0.005
A2972,DUP,1.5,
A2973,CRM,<0.02,0.01
A2974,BLK,ND,0.005
A2975,DUP,1.5,
A2976,CRM,<0.02,0.01
A2977,BLK,ND,0.005
A2978,DUP,1.5,
A2979,CRM,<0.02,0.01
A2980,BLK,ND,0.005
A2981,DUP,1.5,
A2982,CRM,<0.02,0.01
A2983,BLK,ND,0.005
A2984,DUP,1.5,
A2985,CRM,<0.02,0.01
A2986,BLK,ND,0.005
A2987,DUP,1.5,
A2988,CRM,<0.02,0.01
A2989,BLK,ND,0.005
A2990,DUP,1.5,
A2991,CRM,<0.02,0.01
A2992,BLK,ND,0.005
A2993,DUP,1.5,
A2994,CRM,<0.02,0.01
A2995,BLK,ND,0.005
A2996,DUP,1.5,
A2997,CRM,<0.02,0.01
A2998,BLK,ND,0.005
A2999,DUP,1.5,
A3000,CRM,<0.02,0.01
A3001,BLK,ND,0.005
A3002,DUP,1.5,
A3003,CRM,<0.02,0.01
A3004,BLK,ND,0.005
A3005,DUP,1.5,
A3006,CRM,<0.02,0.01
A3007,BLK,ND,0.005
A3008,DUP,1.5,
A3009,CRM,<0.02,0.01
A3010,BLK,ND,0.005
A3011,DUP,1.5,
A3012,CRM,<0.02,0.01
A3013,BLK,ND,0.005
A3014,DUP,1.5,
A3015,CRM,<0.02,0.01
A3016,BLK,ND,0.005
A3017,DUP,1.5,
A3018,CRM,<0.02,0.01
A3019,BLK,ND,0.005
A3020,DUP,1.5,
A3021,CRM,<0.02,0.01
A3022,BLK,ND,0.005
A3023,DUP,1.5,
A3024,CRM,<0.02,0.01
A3025,BLK,ND,0.005
A3026,DUP,1.5,
A3027,CRM,<0.02,0.01
A3028,BLK,ND,0.005
A3029,DUP,1.5,
A3030,CRM,<0.02,0.01
A3031,BLK,ND,0.005
A3032,DUP,1.5,
A3033,CRM,<0.02,0.01
A3034,BLK,ND,0.005
A3035,DUP,1.5,
A3036,CRM,<0.02,0.01
A3037,BLK,ND,0.005
A3038,DUP,1.5,
A3039,CRM,<0.02,0.01
A3040,BLK,ND,0.005
A3041,DUP,1.5,
A3042,CRM,<0.02,0.01
A3043,BLK,ND,0.005
A3044,DUP,1.5,
A3045,CRM,<0.02,0.01
A3046,BLK,ND,0.005
A3047,DUP,1.5,
A3048,CRM,<0.02,0.01
A3049,BLK,ND,0.005
A3050,DUP,1.5,
A3051,CRM,<0.02,0.01
A3052,BLK,ND,0.005
A3053,DUP,1.5,
A3054,CRM,<0.02,0.01
A3055,BLK,ND,0.005
A3056,DUP,1.5,
A3057,CRM,<0.02,0.01
A3058,BLK,ND,0.005
A3059,DUP,1.5,
A3060,CRM,<0.02,0.01
A3061,BLK,ND,0.005
A3062,DUP,1.5,
A3063,CRM,<0.02,0.01
A3064,BLK,ND,0.005
A3065,DUP,1.5,
A3066,CRM,<0.02,0.01
A3067,BLK,ND,0.005
A3068,DUP,1.5,
A3069,CRM,<0.02,0.01
A3070,BLK,ND,0.005
A3071,DUP,1.5,
A3072,CRM,<0.02,0.01
A3073,BLK,ND,0.005
A3074,DUP,1.5,
A3075,CRM,<0.02,0.01
A3076,BLK,ND,0.005
A3077,DUP,1.5,
A3078,CRM,<0.02,0.01
A3079,BLK,ND,0.005
A3080,DUP,1.5,
A3081,CRM,<0.02,0.01
A3082,BLK,ND,0.005
A3083,DUP,1.5,
A3084,CRM,<0.02,0.01
A3085,BLK,ND,0.005
A3086,DUP,1.5,
A3087,CRM,<0.02,0.01
A3088,BLK,ND,0.005
A3089,DUP,1.5,
A3090,CRM,<0.02,0.01
A3091,BLK,ND,0.005
A3092,DUP,1.5,
A3093,CRM,<0.02,0.01
A3094,BLK,ND,0.005
A3095,DUP,1.5,
A3096,CRM,<0.02,0.01
A3097,BLK,ND,0.005
A3098,DUP,1.5,
A3099,CRM,<0.02,0.01
A3100,BLK,ND,0.005
A3101,DUP,1.5,
A3102,CRM,<0.02,0.01
A3103,BLK,ND,0.005
A3104,DUP,1.5,
A3105,CRM,<0.02,0.01
A3106,BLK,ND,0.005
A3107,DUP,1.5,
A3108,CRM,<0.02,0.01
A3109,BLK,ND,0.005
A3110,DUP,1.5,
A3111,CRM,<0.02,0.01
A3112,BLK,ND,0.005
A3113,DUP,1.5,
A3114,CRM,<0.02,0.01
A3115,BLK,ND,0.005
A3116,DUP,1.5,
A3117,CRM,<0.02,0.01
A3118,BLK,ND,0.005
A3119,DUP,1.5,
A3120,CRM,<0.02,0.01
A3121,BLK,ND,0.005
A3122,DUP,1.5,
A3123,CRM,<0.02,0.01
A3124,BLK,ND,0.005
A3125,DUP,1.5,
A3126,CRM,<0.02,0.01
A3127,BLK,ND,0.005
A3128,DUP,1.5,
A3129,CRM,<0.02,0.01
A3130,BLK,ND,0.005
A3131,DUP,1.5,
A3132,CRM,<0.02,0.01
A3133,BLK,ND,0.005
A3134,DUP,1.5,
A3135,CRM,<0.02,0.01
A3136,BLK,ND,0.005
A3137,DUP,1.5,
A3138,CRM,<0.02,0.01
A3139,BLK,ND,0.005
A3140,DUP,1.5,
A3141,CRM,<0.02,0.01
A3142,BLK,ND,0.005
A3143,DUP,1.5,
A3144,CRM,<0.02,0.01
A3145,BLK,ND,0.005
A3146,DUP,1.5,
A3147,CRM,<0.02,0.01
A3148,BLK,ND,0.005
A3149,DUP,1.5,
A3150,CRM,<0.02,0.01
A3151,BLK,ND,0.005
A3152,DUP,1.5,
A3153,CRM,<0.02,0.01
A3154,BLK,ND,0.005
A3155,DUP,1.5,
A3156,CRM,<0.02,0.01
A3157,BLK,ND,0.005
A3158,DUP,1.5,
A3159,CRM,<0.02,0.01
A3160,BLK,ND,0.005
A3161,DUP,1.5,
A3162,CRM,<0.02,0.01
A3163,BLK,ND,0.005
A3164,DUP,1.5,
A3165,CRM,<0.02,0.01
A3166,BLK,ND,0.005
A3167,DUP,1.5,
A3168,CRM,<0.02,0.01
A3169,BLK,ND,0.005
A3170,DUP,1.5,
A3171,CRM,<0.02,0.01
A3172,BLK,ND,0.005
A3173,DUP,1.5,
A3174,CRM,<0.02,0.01
A3175,BLK,ND,0.005
A3176,DUP,1.5,
A3177,CRM,<0.02,0.01
A3178,BLK,ND,0.005
A3179,DUP,1.5,
A3180,CRM,<0.02,0.01
A3181,BLK,ND,0.005
A3182,DUP,1.5,
A3183,CRM,<0.02,0.01
A3184,BLK,ND,0.005
A3185,DUP,1.5,
A3186,CRM,<0.02,0.01
A3187,BLK,ND,0.005
A3188,DUP,1.5,
A3189,CRM,<0.02,0.01
A3190,BLK,ND,0.005
A3191,DUP,1.5,
A3192,CRM,<0.02,0.01
A3193,BLK,ND,0.005
A3194,DUP,1.5,
A3195,CRM,<0.02,0.01
A3196,BLK,ND,0.005
A3197,DUP,1.5,
A3198,CRM,<0.02,0.01
A3199,BLK,ND,0.005
A3200,DUP,1.5,
A3201,CRM,<0.02,0.01
A3202,BLK,ND,0.005
A3203,DUP,1.5,
A3204,CRM,<0.02,0.01
A3205,BLK,ND,0.005
A3206,DUP,1.5,
A3207,CRM,<0.02,0.01
A3208,BLK,ND,0.005
A3209,DUP,1.5,
A3210,CRM,<0.02,0.01
A3211,BLK,ND,0.005
A3212,DUP,1.5,
A3213,CRM,<0.02,0.01
A3214,BLK,ND,0.005
A3215,DUP,1.5,
A3216,CRM,<0.02,0.01
A3217,BLK,ND,0.005
A3218,DUP,1.5,
A3219,CRM,<0.02,0.01
A3220,BLK,ND,0.005
A3221,DUP,1.5,
A3222,CRM,<0.02,0.01
A3223,BLK,ND,0.005
A3224,DUP,1.5,
A3225,CRM,<0.02,0.01
A3226,BLK,ND,0.005
A3227,DUP,1.5,
A3228,CRM,<0.02,0.01
A3229,BLK,ND,0.005
A3230,DUP,1.5,
A3231,CRM,<0.02,0.01
A3232,BLK,ND,0.005
A3233,DUP,1.5,
A3234,CRM,<0.02,0.01
A3235,BLK,ND,0.005
A3236,DUP,1.5,
A3237,CRM,<0.02,0.01
A3238,BLK,ND,0.005
A3239,DUP,1.5,
A3240,CRM,<0.02,0.01
A3241,BLK,ND,0.005
A3242,DUP,1.5,
A3243,CRM,<0.02,0.01
A3244,BLK,ND,0.005
A3245,DUP,1.5,
A3246,CRM,<0.02,0.01
A3247,BLK,ND,0.005
A3248,DUP,1.5,
A3249,CRM,<0.02,0.01
A3250,BLK,ND,0.005
A3251,DUP,1.5,
A3252,CRM,<0.02,0.01
A3253,BLK,ND,0.005
A3254,DUP,1.5,
A3255,CRM,<0.02,0.01
A3256,BLK,ND,0.005
A3257,DUP,1.5,
A3258,CRM,<0.02,0.01
A3259,BLK,ND,0.005
A3260,DUP,1.5,
A3261,CRM,<0.02,0.01
A3262,BLK,ND,0.005
A3263,DUP,1.5,
A3264,CRM,<0.02,0.01
A3265,BLK,ND,0.005
A3266,DUP,1.5,
A3267,CRM,<0.02,0.01
A3268,BLK,ND,0.005
A3269,DUP,1.5,
A3270,CRM,<0.02,0.01
A3271,BLK,ND,0.005
A3272,DUP,1.5,
A3273,CRM,<0.02,0.01
A3274,BLK,ND,0.005
A3275,DUP,1.5,
A3276,CRM,<0.02,0.01
A3277,BLK,ND,0.005
A3278,DUP,1.5,
A3279,CRM,<0.02,0.01
A3280,BLK,ND,0.005
A3281,DUP,1.5,
A3282,CRM,<0.02,0.01
A3283,BLK,ND,0.005
A3284,DUP,1.5,
A3285,CRM,<0.02,0.01
A3286,BLK,ND,0.005
A3287,DUP,1.5,
A3288,CRM,<0.02,0.01
A3289,BLK,ND,0.005
A3290,DUP,1.5,
A3291,CRM,<0.02,0.01
A3292,BLK,ND,0.005
A3293,DUP,1.5,
A3294,CRM,<0.02,0.01
A3295,BLK,ND,0.005
A3296,DUP,1.5,
A3297,CRM,<0.02,0.01
A3298,BLK,ND,0.005
A3299,DUP,1.5,
A3300,CRM,<0.02,0.01
A3301,BLK,ND,0.005
A3302,DUP,1.5,
A3303,CRM,<0.02,0.01
A3304,BLK,ND,0.005
A3305,DUP,1.5,
A3306,CRM,<0.02,0.01
A3307,BLK,ND,0.005
A3308,DUP,1.5,
A3309,CRM,<0.02,0.01
A3310,BLK,ND,0.005
A3311,DUP,1.5,
A3312,CRM,<0.02,0.01
A3313,BLK,ND,0.005
A3314,DUP,1.5,
A3315,CRM,<0.02,0.01
A3316,BLK,ND,0.005
A3317,DUP,1.5,
A3318,CRM,<0.02,0.01
A3319,BLK,ND,0.005
A3320,DUP,1.5,
A3321,CRM,<0.02,0.01
A3322,BLK,ND,0.005
A3323,DUP,1.5,
A3324,CRM,<0.02,0.01
A3325,BLK,ND,0.005
A3326,DUP,1.5,
A3327,CRM,<0.02,0.01
A3328,BLK,ND,0.005
A3329,DUP,1.5,
A3330,CRM,<0.02,0.01
A3331,BLK,ND,0.005
A3332,DUP,1.5,
A3333,CRM,<0.02,0.01
A3334,BLK,ND,0.005
A3335,DUP,1.5,
A3336,CRM,<0.02,0.01
A3337,BLK,ND,0.005
A3338,DUP,1.5,
A3339,CRM,<0.02,0.01
A3340,BLK,ND,0.005
A3341,DUP,1.5,
A3342,CRM,<0.02,0.01
A3343,BLK,ND,0.005
A3344,DUP,1.5,
A3345,CRM,<0.02,0.01
A3346,BLK,ND,0.005
A3347,DUP,1.5,
A3348,CRM,<0.02,0.01
A3349,BLK,ND,0.005
A3350,DUP,1.5,
A3351,CRM,<0.02,0.01
A3352,BLK,ND,0.005
A3353,DUP,1.5,
A3354,CRM,<0.02,0.01
A3355,BLK,ND,0.005
A3356,DUP,1.5,
A3357,CRM,<0.02,0.01
A3358,BLK,ND,0.005
A3359,DUP,1.5,
A3360,CRM,<0.02,0.01
A3361,BLK,ND,0.005
A3362,DUP,1.5,
A3363,CRM,<0.02,0.01
A3364,BLK,ND,0.005
A3365,DUP,1.5,
A3366,CRM,<0.02,0.01
A3367,BLK,ND,0.005
A3368,DUP,1.5,
A3369,CRM,<0.02,0.01
A3370,BLK,ND,0.005
A3371,DUP,1.5,
A3372,CRM,<0.02,0.01
A3373,BLK,ND,0.005
A3374,DUP,1.5,
A3375,CRM,<0.02,0.01
A3376,BLK,ND,0.005
A3377,DUP,1.5,
A3378,CRM,<0.02,0.01
A3379,BLK,ND,0.005
A3380,DUP,1.5,
A3381,CRM,<0.02,0.01
A3382,BLK,ND,0.005
A3383,DUP,1.5,
A3384,CRM,<0.02,0.01
A3385,BLK,ND,0.005
A3386,DUP,1.5,
A3387,CRM,<0.02,0.01
A3388,BLK,ND,0.005
A3389,DUP,1.5,
A3390,CRM,<0.02,0.01
A3391,BLK,ND,0.005
A3392,DUP,1.5,
A3393,CRM,<0.02,0.01
A3394,BLK,ND,0.005
A3395,DUP,1.5,
A3396,CRM,<0.02,0.01
A3397,BLK,ND,0.005
A3398,DUP,1.5,
A3399,CRM,<0.02,0.01
A3400,BLK,ND,0.005
A3401,DUP,1.5,
A3402,CRM,<0.02,0.01
A3403,BLK,ND,0.005
A3404,DUP,1.5,
A3405,CRM,<0.02,0.01
A3406,BLK,ND,0.005
A3407,DUP,1.5,
A3408,CRM,<0.02,0.01
A3409,BLK,ND,0.005
A3410,DUP,1.5,
A3411,CRM,<0.02,0.01
A3412,BLK,ND,0.005
A3413,DUP,1.5,
A3414,CRM,<0.02,0.01
A3415,BLK,ND,0.005
A3416,DUP,1.5,
A3417,CRM,<0.02,0.01
A3418,BLK,ND,0.005
A3419,DUP,1.5,
A3420,CRM,<0.02,0.01
A3421,BLK,ND,0.005
A3422,DUP,1.5,
A3423,CRM,<0.02,0.01
A3424,BLK,ND,0.005
A3425,DUP,1.5,
A3426,CRM,<0.02,0.01
A3427,BLK,ND,0.005
A3428,DUP,1.5,
A3429,CRM,<0.02,0.01
A3430,BLK,ND,0.005
A3431,DUP,1.5,
A3432,CRM,<0.02,0.01
A3433,BLK,ND,0.005
A3434,DUP,1.5,
A3435,CRM,<0.02,0.01
A3436,BLK,ND,0.005
A3437,DUP,1.5,
A3438,CRM,<0.02,0.01
A3439,BLK,ND,0.005
A3440,DUP,1.5,
A3441,CRM,<0.02,0.01
A3442,BLK,ND,0.005
A3443,DUP,1.5,
A3444,CRM,<0.02,0.01
A3445,BLK,ND,0.005
A3446,DUP,1.5,
A3447,CRM,<0.02,0.01
A3448,BLK,ND,0.005
A3449,DUP,1.5,
A3450,CRM,<0.02,0.01
A3451,BLK,ND,0.005
A3452,DUP,1.5,
A3453,CRM,<0.02,0.01
A3454,BLK,ND,0.005
A3455,DUP,1.5,
A3456,CRM,<0.02,0.01
A3457,BLK,ND,0.005
A3458,DUP,1.5,
A3459,CRM,<0.02,0.01
A3460,BLK,ND,0.005
A3461,DUP,1.5,
A3462,CRM,<0.02,0.01
A3463,BLK,ND,0.005
A3464,DUP,1.5,
A3465,CRM,<0.02,0.01
A3466,BLK,ND,0.005
A3467,DUP,1.5,
A3468,CRM,<0.02,0.01
A3469,BLK,ND,0.005
A3470,DUP,1.5,
A3471,CRM,<0.02,0.01
A3472,BLK,ND,0.005
A3473,DUP,1.5,
A3474,CRM,<0.02,0.01
A3475,BLK,ND,0.005
A3476,DUP,1.5,
A3477,CRM,<0.02,0.01
A3478,BLK,ND,0.005
A3479,DUP,1.5,
A3480,CRM,<0.02,0.01
A3481,BLK,ND,0.005
A3482,DUP,1.5,
A3483,CRM,<0.02,0.01
A3484,BLK,ND,0.005
A3485,DUP,1.5,
A3486,CRM,<0.02,0.01
A3487,BLK,ND,0.005
A3488,DUP,1.5,
A3489,CRM,<0.02,0.01
A3490,BLK,ND,0.005
A3491,DUP,1.5,
A3492,CRM,<0.02,0.01
A3493,BLK,ND,0.005
A3494,DUP,1.5,
A3495,CRM,<0.02,0.01
A3496,BLK,ND,0.005
A3497,DUP,1.5,
A3498,CRM,<0.02,0.01
A3499,BLK,ND,0.005
A3500,DUP,1.5,
A3501,CRM,<0.02,0.01
A3502,BLK,ND,0.005
A3503,DUP,1.5,
A3504,CRM,<0.02,0.01
A3505,BLK,ND,0.005
A3506,DUP,1.5,
A3507,CRM,<0.02,0.01
A3508,BLK,ND,0.005
A3509,DUP,1.5,
A3510,CRM,<0.02,0.01
A3511,BLK,ND,0.005
A3512,DUP,1.5,
A3513,CRM,<0.02,0.01
A3514,BLK,ND,0.005
A3515,DUP,1.5,
A3516,CRM,<0.02,0.01
A3517,BLK,ND,0.005
A3518,DUP,1.5,
A3519,CRM,<0.02,0.01
A3520,BLK,ND,0.005
A3521,DUP,1.5,
A3522,CRM,<0.02,0.01
A3523,BLK,ND,0.005
A3524,DUP,1.5,
A3525,CRM,<0.02,0.01
A3526,BLK,ND,0.005
A3527,DUP,1.5,
A3528,CRM,<0.02,0.01
A3529,BLK,ND,0.005
A3530,DUP,1.5,
A3531,CRM,<0.02,0.01
A3532,BLK,ND,0.005
A3533,DUP,1.5,
A3534,CRM,<0.02,0.01
A3535,BLK,ND,0.005
A3536,DUP,1.5,
A3537,CRM,<0.02,0.01
A3538,BLK,ND,0.005
A3539,DUP,1.5,
A3540,CRM,<0.02,0.01
A3541,BLK,ND,0.005
A3542,DUP,1.5,
A3543,CRM,<0.02,0.01
A3544,BLK,ND,0.005
A3545,DUP,1.5,
A3546,CRM,<0.02,0.01
A3547,BLK,ND,0.005
A3548,DUP,1.5,
A3549,CRM,<0.02,0.01
A3550,BLK,ND,0.005
A3551,DUP,1.5,
A3552,CRM,<0.02,0.01
A3553,BLK,ND,0.005
A3554,DUP,1.5,
A3555,CRM,<0.02,0.01
A3556,BLK,ND,0.005
A3557,DUP,1.5,
A3558,CRM,<0.02,0.01
A3559,BLK,ND,0.005
A3560,DUP,1.5,
A3561,CRM,<0.02,0.01
A3562,BLK,ND,0.005
A3563,DUP,1.5,
A3564,CRM,<0.02,0.01
A3565,BLK,ND,0.005
A3566,DUP,1.5,
A3567,CRM,<0.02,0.01
A3568,BLK,ND,0.005
A3569,DUP,1.5,
A3570,CRM,<0.02,0.01
A3571,BLK,ND,0.005
A3572,DUP,1.5,
A3573,CRM,<0.02,0.01
A3574,BLK,ND,0.005
A3575,DUP,1.5,
A3576,CRM,<0.02,0.01
A3577,BLK,ND,0.005
A3578,DUP,1.5,
A3579,CRM,<0.02,0.01
A3580,BLK,ND,0.005
A3581,DUP,1.5,
A3582,CRM,<0.02,0.01
A3583,BLK,ND,0.005
A3584,DUP,1.5,
A3585,CRM,<0.02,0.01
A3586,BLK,ND,0.005
A3587,DUP,1.5,
A3588,CRM,<0.02,0.01
A3589,BLK,ND,0.005
A3590,DUP,1.5,
A3591,CRM,<0.02,0.01
A3592,BLK,ND,0.005
A3593,DUP,1.5,
A3594,CRM,<0.02,0.01
A3595,BLK,ND,0.005
A3596,DUP,1.5,
A3597,CRM,<0.02,0.01
A3598,BLK,ND,0.005
A3599,DUP,1.5,
A3600,CRM,<0.02,0.01
A3601,BLK,ND,0.005
A3602,DUP,1.5,
A3603,CRM,<0.02,0.01
A3604,BLK,ND,0.005
A3605,DUP,1.5,
A3606,CRM,<0.02,0.01
A3607,BLK,ND,0.005
A3608,DUP,1.5,
A3609,CRM,<0.02,0.01
A3610,BLK,ND,0.005
A3611,DUP,1.5,
A3612,CRM,<0.02,0.01
A3613,BLK,ND,0.005
A3614,DUP,1.5,
A3615,CRM,<0.02,0.01
A3616,BLK,ND,0.005
A3617,DUP,1.5,
A3618,CRM,<0.02,0.01
A3619,BLK,ND,0.005
A3620,DUP,1.5,
A3621,CRM,<0.02,0.01
A3622,BLK,ND,0.005
A3623,DUP,1.5,
A3624,CRM,<0.02,0.01
A3625,BLK,ND,0.005
A3626,DUP,1.5,
A3627,CRM,<0.02,0.01
A3628,BLK,ND,0.005
A3629,DUP,1.5,
A3630,CRM,<0.02,0.01
A3631,BLK,ND,0.005
A3632,DUP,1.5,
A3633,CRM,<0.02,0.01
A3634,BLK,ND,0.005
A3635,DUP,1.5,
A3636,CRM,<0.02,0.01
A3637,BLK,ND,0.005
A3638,DUP,1.5,
A3639,CRM,<0.02,0.01
A3640,BLK,ND,0.005
A3641,DUP,1.5,
A3642,CRM,<0.02,0.01
A3643,BLK,ND,0.005
A3644,DUP,1.5,
A3645,CRM,<0.02,0.01
A3646,BLK,ND,0.005
A3647,DUP,1.5,
A3648,CRM,<0.02,0.01
A3649,BLK,ND,0.005
A3650,DUP,1.5,
A3651,CRM,<0.02,0.01
A3652,BLK,ND,0.005
A3653,DUP,1.5,
A3654,CRM,<0.02,0.01
A3655,BLK,ND,0.005
A3656,DUP,1.5,
A3657,CRM,<0.02,0.01
A3658,BLK,ND,0.005
A3659,DUP,1.5,
A3660,CRM,<0.02,0.01
A3661,BLK,ND,0.005
A3662,DUP,1.5,
A3663,CRM,<0.02,0.01
A3664,BLK,ND,0.005
A3665,DUP,1.5,
A3666,CRM,<0.02,0.01
A3667,BLK,ND,0.005
A3668,DUP,1.5,
A3669,CRM,<0.02,0.01
A3670,BLK,ND,0.005
A3671,DUP,1.5,
A3672,CRM,<0.02,0.01
A3673,BLK,ND,0.005
A3674,DUP,1.5,
A3675,CRM,<0.02,0.01
A3676,BLK,ND,0.005
A3677,DUP,1.5,
A3678,CRM,<0.02,0.01
A3679,BLK,ND,0.005
A3680,DUP,1.5,
A3681,CRM,<0.02,0.01
A3682,BLK,ND,0.005
A3683,DUP,1.5,
A3684,CRM,<0.02,0.01
A3685,BLK,ND,0.005
A3686,DUP,1.5,
A3687,CRM,<0.02,0.01
A3688,BLK,ND,0.005
A3689,DUP,1.5,
A3690,CRM,<0.02,0.01
A3691,BLK,ND,0.005
A3692,DUP,1.5,
A3693,CRM,<0.02,0.01
A3694,BLK,ND,0.005
A3695,DUP,1.5,
A3696,CRM,<0.02,0.01
A3697,BLK,ND,0.005
A3698,DUP,1.5,
A3699,CRM,<0.02,0.01
A3700,BLK,ND,0.005
A3701,DUP,1.5,
A3702,CRM,<0.02,0.01
A3703,BLK,ND,0.005
A3704,DUP,1.5,
A3705,CRM,<0.02,0.01
A3706,BLK,ND,0.005
A3707,DUP,1.5,
A3708,CRM,<0.02,0.01
A3709,BLK,ND,0.005
A3710,DUP,1.5,
A3711,CRM,<0.02,0.01
A3712,BLK,ND,0.005
A3713,DUP,1.5,
A3714,CRM,<0.02,0.01
A3715,BLK,ND,0.005
A3716,DUP,1.5,
A3717,CRM,<0.02,0.01
A3718,BLK,ND,0.005
A3719,DUP,1.5,
A3720,CRM,<0.02,0.01
A3721,BLK,ND,0.005
A3722,DUP,1.5,
A3723,CRM,<0.02,0.01
A3724,BLK,ND,0.005
A3725,DUP,1.5,
A3726,CRM,<0.02,0.01
A3727,BLK,ND,0.005
A3728,DUP,1.5,
A3729,CRM,<0.02,0.01
A3730,BLK,ND,0.005
A3731,DUP,1.5,
A3732,CRM,<0.02,0.01
A3733,BLK,ND,0.005
A3734,DUP,1.5,
A3735,CRM,<0.02,0.01
A3736,BLK,ND,0.005
A3737,DUP,1.5,
A3738,CRM,<0.02,0.01
A3739,BLK,ND,0.005
A3740,DUP,1.5,
A3741,CRM,<0.02,0.01
A3742,BLK,ND,0.005
A3743,DUP,1.5,
A3744,CRM,<0.02,0.01
A3745,BLK,ND,0.005
A3746,DUP,1.5,
A3747,CRM,<0.02,0.01
A3748,BLK,ND,0.005
A3749,DUP,1.5,
A3750,CRM,<0.02,0.01
A3751,BLK,ND,0.005
A3752,DUP,1.5,
A3753,CRM,<0.02,0.01
A3754,BLK,ND,0.005
A3755,DUP,1.5,
A3756,CRM,<0.02,0.01
A3757,BLK,ND,0.005
A3758,DUP,1.5,
A3759,CRM,<0.02,0.01
A3760,BLK,ND,0.005
A3761,DUP,1.5,
A3762,CRM,<0.02,0.01
A3763,BLK,ND,0.005
A3764,DUP,1.5,
A3765,CRM,<0.02,0.01
A3766,BLK,ND,0.005
A3767,DUP,1.5,
A3768,CRM,<0.02,0.01
A3769,BLK,ND,0.005
A3770,DUP,1.5,
A3771,CRM,<0.02,0.01
A3772,BLK,ND,0.005
A3773,DUP,1.5,
A3774,CRM,<0.02,0.01
A3775,BLK,ND,0.005
A3776,DUP,1.5,
A3777,CRM,<0.02,0.01
A3778,BLK,ND,0.005
A3779,DUP,1.5,
A3780,CRM,<0.02,0.01
A3781,BLK,ND,0.005
A3782,DUP,1.5,
A3783,CRM,<0.02,0.01
A3784,BLK,ND,0.005
A3785,DUP,1.5,
A3786,CRM,<0.02,0.01
A3787,BLK,ND,0.005
A3788,DUP,1.5,
A3789,CRM,<0.02,0.01
A3790,BLK,ND,0.005
A3791,DUP,1.5,
A3792,CRM,<0.02,0.01
A3793,BLK,ND,0.005
A3794,DUP,1.5,
A3795,CRM,<0.02,0.01
A3796,BLK,ND,0.005
A3797,DUP,1.5,
A3798,CRM,<0.02,0.01
A3799,BLK,ND,0.005
A3800,DUP,1.5,
A3801,CRM,<0.02,0.01
A3802,BLK,ND,0.005
A3803,DUP,1.5,
A3804,CRM,<0.02,0.01
A3805,BLK,ND,0.005
A3806,DUP,1.5,
A3807,CRM,<0.02,0.01
A3808,BLK,ND,0.005
A3809,DUP,1.5,
A3810,CRM,<0.02,0.01
A3811,BLK,ND,0.005
A3812,DUP,1.5,
A3813,CRM,<0.02,0.01
A3814,BLK,ND,0.005
A3815,DUP,1.5,
A3816,CRM,<0.02,0.01
A3817,BLK,ND,0.005
A3818,DUP,1.5,
A3819,CRM,<0.02,0.01
A3820,BLK,ND,0.005
A3821,DUP,1.5,
A3822,CRM,<0.02,0.01
A3823,BLK,ND,0.005
A3824,DUP,1.5,
A3825,CRM,<0.02,0.01
A3826,BLK,ND,0.005
A3827,DUP,1.5,
A3828,CRM,<0.02,0.01
A3829,BLK,ND,0.005
A3830,DUP,1.5,
A3831,CRM,<0.02,0.01
A3832,BLK,ND,0.005
A3833,DUP,1.5,
A3834,CRM,<0.02,0.01
A3835,BLK,ND,0.005
A3836,DUP,1.5,
A3837,CRM,<0.02,0.01
A3838,BLK,ND,0.005
A3839,DUP,1.5,
A3840,CRM,<0.02,0.01
A3841,BLK,ND,0.005
A3842,DUP,1.5,
A3843,CRM,<0.02,0.01
A3844,BLK,ND,0.005
A3845,DUP,1.5,
A3846,CRM,<0.02,0.01
A3847,BLK,ND,0.005
A3848,DUP,1.5,
A3849,CRM,<0.02,0.01
A3850,BLK,ND,0.005
A3851,DUP,1.5,
A3852,CRM,<0.02,0.01
A3853,BLK,ND,0.005
A3854,DUP,1.5,
A3855,CRM,<0.02,0.01
A3856,BLK,ND,0.005
A3857,DUP,1.5,
A3858,CRM,<0.02,0.01
A3859,BLK,ND,0.005
A3860,DUP,1.5,
A3861,CRM,<0.02,0.01
A3862,BLK,ND,0.005
A3863,DUP,1.5,
A3864,CRM,<0.02,0.01
A3865,BLK,ND,0.005
A3866,DUP,1.5,
A3867,CRM,<0.02,0.01
A3868,BLK,ND,0.005
A3869,DUP,1.5,
A3870,CRM,<0.02,0.01
A3871,BLK,ND,0.005
A3872,DUP,1.5,
A3873,CRM,<0.02,0.01
A3874,BLK,ND,0.005
A3875,DUP,1.5,
A3876,CRM,<0.02,0.01
A3877,BLK,ND,0.005
A3878,DUP,1.5,
A3879,CRM,<0.02,0.01
A3880,BLK,ND,0.005
A3881,DUP,1.5,
A3882,CRM,<0.02,0.01
A3883,BLK,ND,0.005
A3884,DUP,1.5,
A3885,CRM,<0.02,0.01
A3886,BLK,ND,0.005
A3887,DUP,1.5,
A3888,CRM,<0.02,0.01
A3889,BLK,ND,0.005
A3890,DUP,1.5,
A3891,CRM,<0.02,0.01
A3892,BLK,ND,0.005
A3893,DUP,1.5,
A3894,CRM,<0.02,0.01
A3895,BLK,ND,0.005
A3896,DUP,1.5,
A3897,CRM,<0.02,0.01
A3898,BLK,ND,0.005
A3899,DUP,1.5,
A3900,CRM,<0.02,0.01
A3901,BLK,ND,0.005
A3902,DUP,1.5,
A3903,CRM,<0.02,0.01
A3904,BLK,ND,0.005
A3905,DUP,1.5,
A3906,CRM,<0.02,0.01
A3907,BLK,ND,0.005
A3908,DUP,1.5,
A3909,CRM,<0.02,0.01
A3910,BLK,ND,0.005
A3911,DUP,1.5,
A3912,CRM,<0.02,0.01
A3913,BLK,ND,0.005
A3914,DUP,1.5,
A3915,CRM,<0.02,0.01
A3916,BLK,ND,0.005
A3917,DUP,1.5,
A3918,CRM,<0.02,0.01
A3919,BLK,ND,0.005
A3920,DUP,1.5,
A3921,CRM,<0.02,0.01
A3922,BLK,ND,0.005
A3923,DUP,1.5,
A3924,CRM,<0.02,0.01
A3925,BLK,ND,0.005
A3926,DUP,1.5,
A3927,CRM,<0.02,0.01
A3928,BLK,ND,0.005
A3929,DUP,1.5,
A3930,CRM,<0.02,0.01
A3931,BLK,ND,0.005
A3932,DUP,1.5,
A3933,CRM,<0.02,0.01
A3934,BLK,ND,0.005
A3935,DUP,1.5,
A3936,CRM,<0.02,0.01
A3937,BLK,ND,0.005
A3938,DUP,1.5,
A3939,CRM,<0.02,0.01
A3940,BLK,ND,0.005
A3941,DUP,1.5,
A3942,CRM,<0.02,0.01
A3943,BLK,ND,0.005
A3944,DUP,1.5,
A3945,CRM,<0.02,0.01
A3946,BLK,ND,0.005
A3947,DUP,1.5,
A3948,CRM,<0.02,0.01
A3949,BLK,ND,0.005
A3950,DUP,1.5,
A3951,CRM,<0.02,0.01
A3952,BLK,ND,0.005
A3953,DUP,1.5,
A3954,CRM,<0.02,0.01
A3955,BLK,ND,0.005
A3956,DUP,1.5,
A3957,CRM,<0.02,0.01
A3958,BLK,ND,0.005
A3959,DUP,1.5,
A3960,CRM,<0.02,0.01
A3961,BLK,ND,0.005
A3962,DUP,1.5,
A3963,CRM,<0.02,0.01
A3964,BLK,ND,0.005
A3965,DUP,1.5,
A3966,CRM,<0.02,0.01
A3967,BLK,ND,0.005
A3968,DUP,1.5,
A3969,CRM,<0.02,0.01
A3970,BLK,ND,0.005
A3971,DUP,1.5,
A3972,CRM,<0.02,0.01
A3973,BLK,ND,0.005
A3974,DUP,1.5,
A3975,CRM,<0.02,0.01
A3976,BLK,ND,0.005
A3977,DUP,1.5,
A3978,CRM,<0.02,0.01
A3979,BLK,ND,0.005
A3980,DUP,1.5,
A3981,CRM,<0.02,0.01
A3982,BLK,ND,0.005
A3983,DUP,1.5,
A3984,CRM,<0.02,0.01
A3985,BLK,ND,0.005
A3986,DUP,1.5,
A3987,CRM,<0.02,0.01
A3988,BLK,ND,0.005
A3989,DUP,1.5,
A3990,CRM,<0.02,0.01
A3991,BLK,ND,0.005
A3992,DUP,1.5,
A3993,CRM,<0.02,0.01
A3994,BLK,ND,0.005
A3995,DUP,1.5,
A3996,CRM,<0.02,0.01
A3997,BLK,ND,0.005
A3998,DUP,1.5,
A3999,CRM,<0.02,0.01
A4000,BLK,ND,0.005
A4001,DUP,1.5,
A4002,CRM,<0.02,0.01
A4003,BLK,ND,0.005
A4004,DUP,1.5,
A4005,CRM,<0.02,0.01
A4006,BLK,ND,0.005
A4007,DUP,1.5,
A4008,CRM,<0.02,0.01
A4009,BLK,ND,0.005
A4010,DUP,1.5,
A4011,CRM,<0.02,0.01
A4012,BLK,ND,0.005
A4013,DUP,1.5,
A4014,CRM,<0.02,0.01
A4015,BLK,ND,0.005
A4016,DUP,1.5,
A4017,CRM,<0.02,0.01
A4018,BLK,ND,0.005
A4019,DUP,1.5,
A4020,CRM,<0.02,0.01
A4021,BLK,ND,0.005
A4022,DUP,1.5,
A4023,CRM,<0.02,0.01
A4024,BLK,ND,0.005
A4025,DUP,1.5,
A4026,CRM,<0.02,0.01
A4027,BLK,ND,0.005
A4028,DUP,1.5,
A4029,CRM,<0.02,0.01
A4030,BLK,ND,0.005
A4031,DUP,1.5,
A4032,CRM,<0.02,0.01
A4033,BLK,ND,0.005
A4034,DUP,1.5,
A4035,CRM,<0.02,0.01
A4036,BLK,ND,0.005
A4037,DUP,1.5,
A4038,CRM,<0.02,0.01
A4039,BLK,ND,0.005
A4040,DUP,1.5,
A4041,CRM,<0.02,0.01
A4042,BLK,ND,0.005
A4043,DUP,1.5,
A4044,CRM,<0.02,0.01
A4045,BLK,ND,0.005
A4046,DUP,1.5,
A4047,CRM,<0.02,0.01
A4048,BLK,ND,0.005
A4049,DUP,1.5,
A4050,CRM,<0.02,0.01
A4051,BLK,ND,0.005
A4052,DUP,1.5,
A4053,CRM,<0.02,0.01
A4054,BLK,ND,0.005
A4055,DUP,1.5,
A4056,CRM,<0.02,0.01
A4057,BLK,ND,0.005
A4058,DUP,1.5,
A4059,CRM,<0.02,0.01
A4060,BLK,ND,0.005
A4061,DUP,1.5,
A4062,CRM,<0.02,0.01
A4063,BLK,ND,0.005
A4064,DUP,1.5,
A4065,CRM,<0.02,0.01
A4066,BLK,ND,0.005
A4067,DUP,1.5,
A4068,CRM,<0.02,0.01
A4069,BLK,ND,0.005
A4070,DUP,1.5,
A4071,CRM,<0.02,0.01
A4072,BLK,ND,0.005
A4073,DUP,1.5,
A4074,CRM,<0.02,0.01
A4075,BLK,ND,0.005
A4076,DUP,1.5,
A4077,CRM,<0.02,0.01
A4078,BLK,ND,0.005
A4079,DUP,1.5,
A4080,CRM,<0.02,0.01
A4081,BLK,ND,0.005
A4082,DUP,1.5,
A4083,CRM,<0.02,0.01
A4084,BLK,ND,0.005
A4085,DUP,1.5,
A4086,CRM,<0.02,0.01
A4087,BLK,ND,0.005
A4088,DUP,1.5,
A4089,CRM,<0.02,0.01
A4090,BLK,ND,0.005
A4091,DUP,1.5,
A4092,CRM,<0.02,0.01
A4093,BLK,ND,0.005
A4094,DUP,1.5,
A4095,CRM,<0.02,0.01
A4096,BLK,ND,0.005
A4097,DUP,1.5,
A4098,CRM,<0.02,0.01
A4099,BLK,ND,0.005
A4100,DUP,1.5,
A4101,CRM,<0.02,0.01
A4102,BLK,ND,0.005
A4103,DUP,1.5,
A4104,CRM,<0.02,0.01
A4105,BLK,ND,0.005
A4106,DUP,1.5,
A4107,CRM,<0.02,0.01
A4108,BLK,ND,0.005
A4109,DUP,1.5,
A4110,CRM,<0.02,0.01
A4111,BLK,ND,0.005
A4112,DUP,1.5,
A4113,CRM,<0.02,0.01
A4114,BLK,ND,0.005
A4115,DUP,1.5,
A4116,CRM,<0.02,0.01
A4117,BLK,ND,0.005
A4118,DUP,1.5,
A4119,CRM,<0.02,0.01
A4120,BLK,ND,0.005
A4121,DUP,1.5,
A4122,CRM,<0.02,0.01
A4123,BLK,ND,0.005
A4124,DUP,1.5,
A4125,CRM,<0.02,0.01
A4126,BLK,ND,0.005
A4127,DUP,1.5,
A4128,CRM,<0.02,0.01
A4129,BLK,ND,0.005
A4130,DUP,1.5,
A4131,CRM,<0.02,0.01
A4132,BLK,ND,0.005
A4133,DUP,1.5,
A4134,CRM,<0.02,0.01
A4135,BLK,ND,0.005
A4136,DUP,1.5,
A4137,CRM,<0.02,0.01
A4138,BLK,ND,0.005
A4139,DUP,1.5,
A4140,CRM,<0.02,0.01
A4141,BLK,ND,0.005
A4142,DUP,1.5,
A4143,CRM,<0.02,0.01
A4144,BLK,ND,0.005
A4145,DUP,1.5,
A4146,CRM,<0.02,0.01
A4147,BLK,ND,0.005
A4148,DUP,1.5,
A4149,CRM,<0.02,0.01
A4150,BLK,ND,0.005
A4151,DUP,1.5,
A4152,CRM,<0.02,0.01
A4153,BLK,ND,0.005
A4154,DUP,1.5,
A4155,CRM,<0.02,0.01
A4156,BLK,ND,0.005
A4157,DUP,1.5,
A4158,CRM,<0.02,0.01
A4159,BLK,ND,0.005
A4160,DUP,1.5,
A4161,CRM,<0.02,0.01
A4162,BLK,ND,0.005
A4163,DUP,1.5,
A4164,CRM,<0.02,0.01
A4165,BLK,ND,0.005
A4166,DUP,1.5,
A4167,CRM,<0.02,0.01
A4168,BLK,ND,0.005
A4169,DUP,1.5,
A4170,CRM,<0.02,0.01
A4171,BLK,ND,0.005
A4172,DUP,1.5,
A4173,CRM,<0.02,0.01
A4174,BLK,ND,0.005
A4175,DUP,1.5,
A4176,CRM,<0.02,0.01
A4177,BLK,ND,0.005
A4178,DUP,1.5,
A4179,CRM,<0.02,0.01
A4180,BLK,ND,0.005
A4181,DUP,1.5,
A4182,CRM,<0.02,0.01
A4183,BLK,ND,0.005
A4184,DUP,1.5,
A4185,CRM,<0.02,0.01
A4186,BLK,ND,0.005
A4187,DUP,1.5,
A4188,CRM,<0.02,0.01
A4189,BLK,ND,0.005
A4190,DUP,1.5,
A4191,CRM,<0.02,0.01
A4192,BLK,ND,0.005
A4193,DUP,1.5,
A4194,CRM,<0.02,0.01
A4195,BLK,ND,0.005
A4196,DUP,1.5,
A4197,CRM,<0.02,0.01
A4198,BLK,ND,0.005
A4199,DUP,1.5,
A4200,CRM,<0.02,0.01
A4201,BLK,ND,0.005
A4202,DUP,1.5,
A4203,CRM,<0.02,0.01
A4204,BLK,ND,0.005
A4205,DUP,1.5,
A4206,CRM,<0.02,0.01
A4207,BLK,ND,0.005
A4208,DUP,1.5,
A4209,CRM,<0.02,0.01
A4210,BLK,ND,0.005
A4211,DUP,1.5,
A4212,CRM,<0.02,0.01
A4213,BLK,ND,0.005
A4214,DUP,1.5,
A4215,CRM,<0.02,0.01
A4216,BLK,ND,0.005
A4217,DUP,1.5,
A4218,CRM,<0.02,0.01
A4219,BLK,ND,0.005
A4220,DUP,1.5,
A4221,CRM,<0.02,0.01
A4222,BLK,ND,0.005
A4223,DUP,1.5,
A4224,CRM,<0.02,0.01
A4225,BLK,ND,0.005
A4226,DUP,1.5,
A4227,CRM,<0.02,0.01
A4228,BLK,ND,0.005
A4229,DUP,1.5,
A4230,CRM,<0.02,0.01
A4231,BLK,ND,0.005
A4232,DUP,1.5,
A4233,CRM,<0.02,0.01
A4234,BLK,ND,0.005
A4235,DUP,1.5,
A4236,CRM,<0.02,0.01
A4237,BLK,ND,0.005
A4238,DUP,1.5,
A4239,CRM,<0.02,0.01
A4240,BLK,ND,0.005
A4241,DUP,1.5,
A4242,CRM,<0.02,0.01
A4243,BLK,ND,0.005
A4244,DUP,1.5,
A4245,CRM,<0.02,0.01
A4246,BLK,ND,0.005
A4247,DUP,1.5,
A4248,CRM,<0.02,0.01
A4249,BLK,ND,0.005
A4250,DUP,1.5,
A4251,CRM,<0.02,0.01
A4252,BLK,ND,0.005
A4253,DUP,1.5,
A4254,CRM,<0.02,0.01
A4255,BLK,ND,0.005
A4256,DUP,1.5,
A4257,CRM,<0.02,0.01
A4258,BLK,ND,0.005
A4259,DUP,1.5,
A4260,CRM,<0.02,0.01
A4261,BLK,ND,0.005
A4262,DUP,1.5,
A4263,CRM,<0.02,0.01
A4264,BLK,ND,0.005
A4265,DUP,1.5,
A4266,CRM,<0.02,0.01
A4267,BLK,ND,0.005
A4268,DUP,1.5,
A4269,CRM,<0.02,0.01
A4270,BLK,ND,0.005
A4271,DUP,1.5,
A4272,CRM,<0.02,0.01
A4273,BLK,ND,0.005
A4274,DUP,1.5,
A4275,CRM,<0.02,0.01
A4276,BLK,ND,0.005
A4277,DUP,1.5,
A4278,CRM,<0.02,0.01
A4279,BLK,ND,0.005
A4280,DUP,1.5,
A4281,CRM,<0.02,0.01
A4282,BLK,ND,0.005
A4283,DUP,1.5,
A4284,CRM,<0.02,0.01
A4285,BLK,ND,0.005
A4286,DUP,1.5,
A4287,CRM,<0.02,0.01
A4288,BLK,ND,0.005
A4289,DUP,1.5,
A4290,CRM,<0.02,0.01
A4291,BLK,ND,0.005
A4292,DUP,1.5,
A4293,CRM,<0.02,0.01
A4294,BLK,ND,0.005
A4295,DUP,1.5,
A4296,CRM,<0.02,0.01
A4297,BLK,ND,0.005
A4298,DUP,1.5,
A4299,CRM,<0.02,0.01
A4300,BLK,ND,0.005
A4301,DUP,1.5,
A4302,CRM,<0.02,0.01
A4303,BLK,ND,0.005
A4304,DUP,1.5,
A4305,CRM,<0.02,0.01
A4306,BLK,ND,0.005
A4307,DUP,1.5,
A4308,CRM,<0.02,0.01
A4309,BLK,ND,0.005
A4310,DUP,1.5,
A4311,CRM,<0.02,0.01
A4312,BLK,ND,0.005
A4313,DUP,1.5,
A4314,CRM,<0.02,0.01
A4315,BLK,ND,0.005
A4316,DUP,1.5,
A4317,CRM,<0.02,0.01
A4318,BLK,ND,0.005
A4319,DUP,1.5,
A4320,CRM,<0.02,0.01
A4321,BLK,ND,0.005
A4322,DUP,1.5,
A4323,CRM,<0.02,0.01
A4324,BLK,ND,0.005
A4325,DUP,1.5,
A4326,CRM,<0.02,0.01
A4327,BLK,ND,0.005
A4328,DUP,1.5,
A4329,CRM,<0.02,0.01
A4330,BLK,ND,0.005
A4331,DUP,1.5,
A4332,CRM,<0.02,0.01
A4333,BLK,ND,0.005
A4334,DUP,1.5,
A4335,CRM,<0.02,0.01
A4336,BLK,ND,0.005
A4337,DUP,1.5,
A4338,CRM,<0.02,0.01
A4339,BLK,ND,0.005
A4340,DUP,1.5,
A4341,CRM,<0.02,0.01
A4342,BLK,ND,0.005
A4343,DUP,1.5,
A4344,CRM,<0.02,0.01
A4345,BLK,ND,0.005
A4346,DUP,1.5,
A4347,CRM,<0.02,0.01
A4348,BLK,ND,0.005
A4349,DUP,1.5,
A4350,CRM,<0.02,0.01
A4351,BLK,ND,0.005
A4352,DUP,1.5,
A4353,CRM,<0.02,0.01
A4354,BLK,ND,0.005
A4355,DUP,1.5,
A4356,CRM,<0.02,0.01
A4357,BLK,ND,0.005
A4358,DUP,1.5,
A4359,CRM,<0.02,0.01
A4360,BLK,ND,0.005
A4361,DUP,1.5,
A4362,CRM,<0.02,0.01
A4363,BLK,ND,0.005
A4364,DUP,1.5,
A4365,CRM,<0.02,0.01
A4366,BLK,ND,0.005
A4367,DUP,1.5,
A4368,CRM,<0.02,0.01
A4369,BLK,ND,0.005
A4370,DUP,1.5,
A4371,CRM,<0.02,0.01
A4372,BLK,ND,0.005
A4373,DUP,1.5,
A4374,CRM,<0.02,0.01
A4375,BLK,ND,0.005
A4376,DUP,1.5,
A4377,CRM,<0.02,0.01
A4378,BLK,ND,0.005
A4379,DUP,1.5,
A4380,CRM,<0.02,0.01
A4381,BLK,ND,0.005
A4382,DUP,1.5,
A4383,CRM,<0.02,0.01
A4384,BLK,ND,0.005
A4385,DUP,1.5,
A4386,CRM,<0.02,0.01
A4387,BLK,ND,0.005
A4388,DUP,1.5,
A4389,CRM,<0.02,0.01
A4390,BLK,ND,0.005
A4391,DUP,1.5,
A4392,CRM,<0.02,0.01
A4393,BLK,ND,0.005
A4394,DUP,1.5,
A4395,CRM,<0.02,0.01
A4396,BLK,ND,0.005
A4397,DUP,1.5,
A4398,CRM,<0.02,0.01
A4399,BLK,ND,0.005
A4400,DUP,1.5,
A4401,CRM,<0.02,0.01
A4402,BLK,ND,0.005
A4403,DUP,1.5,
A4404,CRM,<0.02,0.01
A4405,BLK,ND,0.005
A4406,DUP,1.5,
A4407,CRM,<0.02,0.01
A4408,BLK,ND,0.005
A4409,DUP,1.5,
A4410,CRM,<0.02,0.01
A4411,BLK,ND,0.005
A4412,DUP,1.5,
A4413,CRM,<0.02,0.01
A4414,BLK,ND,0.005
A4415,DUP,1.5,
A4416,CRM,<0.02,0.01
A4417,BLK,ND,0.005
A4418,DUP,1.5,
A4419,CRM,<0.02,0.01
A4420,BLK,ND,0.005
A4421,DUP,1.5,
A4422,CRM,<0.02,0.01
A4423,BLK,ND,0.005
A4424,DUP,1.5,
A4425,CRM,<0.02,0.01
A4426,BLK,ND,0.005
A4427,DUP,1.5,
A4428,CRM,<0.02,0.01
A4429,BLK,ND,0.005
A4430,DUP,1.5,
A4431,CRM,<0.02,0.01
A4432,BLK,ND,0.005
A4433,DUP,1.5,
A4434,CRM,<0.02,0.01
A4435,BLK,ND,0.005
A4436,DUP,1.5,
A4437,CRM,<0.02,0.01
A4438,BLK,ND,0.005
A4439,DUP,1.5,
A4440,CRM,<0.02,0.01
A4441,BLK,ND,0.005
A4442,DUP,1.5,
A4443,CRM,<0.02,0.01
A4444,BLK,ND,0.005
A4445,DUP,1.5,
A4446,CRM,<0.02,0.01
A4447,BLK,ND,0.005
A4448,DUP,1.5,
A4449,CRM,<0.02,0.01
A4450,BLK,ND,0.005
A4451,DUP,1.5,
A4452,CRM,<0.02,0.01
A4453,BLK,ND,0.005
A4454,DUP,1.5,
A4455,CRM,<0.02,0.01
A4456,BLK,ND,0.005
A4457,DUP,1.5,
A4458,CRM,<0.02,0.01
A4459,BLK,ND,0.005
A4460,DUP,1.5,
A4461,CRM,<0.02,0.01
A4462,BLK,ND,0.005
A4463,DUP,1.5,
A4464,CRM,<0.02,0.01
A4465,BLK,ND,0.005
A4466,DUP,1.5,
A4467,CRM,<0.02,0.01
A4468,BLK,ND,0.005
A4469,DUP,1.5,
A4470,CRM,<0.02,0.01
A4471,BLK,ND,0.005
A4472,DUP,1.5,
A4473,CRM,<0.02,0.01
A4474,BLK,ND,0.005
A4475,DUP,1.5,
A4476,CRM,<0.02,0.01
A4477,BLK,ND,0.005
A4478,DUP,1.5,
A4479,CRM,<0.02,0.01
A4480,BLK,ND,0.005
A4481,DUP,1.5,
A4482,CRM,<0.02,0.01
A4483,BLK,ND,0.005
A4484,DUP,1.5,
A4485,CRM,<0.02,0.01
A4486,BLK,ND,0.005
A4487,DUP,1.5,
A4488,CRM,<0.02,0.01
A4489,BLK,ND,0.005
A4490,DUP,1.5,
A4491,CRM,<0.02,0.01
A4492,BLK,ND,0.005
A4493,DUP,1.5,
A4494,CRM,<0.02,0.01
A4495,BLK,ND,0.005
A4496,DUP,1.5,
A4497,CRM,<0.02,0.01
A4498,BLK,ND,0.005
A4499,DUP,1.5,
A4500,CRM,<0.02,0.01
A4501,BLK,ND,0.005
A4502,DUP,1.5,
A4503,CRM,<0.02,0.01
A4504,BLK,ND,0.005
A4505,DUP,1.5,
A4506,CRM,<0.02,0.01
A4507,BLK,ND,0.005
A4508,DUP,1.5,
A4509,CRM,<0.02,0.01
A4510,BLK,ND,0.005
A4511,DUP,1.5,
A4512,CRM,<0.02,0.01
A4513,BLK,ND,0.005
A4514,DUP,1.5,
A4515,CRM,<0.02,0.01
A4516,BLK,ND,0.005
A4517,DUP,1.5,
A4518,CRM,<0.02,0.01
A4519,BLK,ND,0.005
A4520,DUP,1.5,
A4521,CRM,<0.02,0.01
A4522,BLK,ND,0.005
A4523,DUP,1.5,
A4524,CRM,<0.02,0.01
A4525,BLK,ND,0.005
A4526,DUP,1.5,
A4527,CRM,<0.02,0.01
A4528,BLK,ND,0.005
A4529,DUP,1.5,
A4530,CRM,<0.02,0.01
A4531,BLK,ND,0.005
A4532,DUP,1.5,
A4533,CRM,<0.02,0.01
A4534,BLK,ND,0.005
A4535,DUP,1.5,
A4536,CRM,<0.02,0.01
A4537,BLK,ND,0.005
A4538,DUP,1.5,
A4539,CRM,<0.02,0.01
A4540,BLK,ND,0.005
A4541,DUP,1.5,
A4542,CRM,<0.02,0.01
A4543,BLK,ND,0.005
A4544,DUP,1.5,
A4545,CRM,<0.02,0.01
A4546,BLK,ND,0.005
A4547,DUP,1.5,
A4548,CRM,<0.02,0.01
A4549,BLK,ND,0.005
A4550,DUP,1.5,
A4551,CRM,<0.02,0.01
A4552,BLK,ND,0.005
A4553,DUP,1.5,
A4554,CRM,<0.02,0.01
A4555,BLK,ND,0.005
A4556,DUP,1.5,
A4557,CRM,<0.02,0.01
A4558,BLK,ND,0.005
A4559,DUP,1.5,
A4560,CRM,<0.02,0.01
A4561,BLK,ND,0.005
A4562,DUP,1.5,
A4563,CRM,<0.02,0.01
A4564,BLK,ND,0.005
A4565,DUP,1.5,
A4566,CRM,<0.02,0.01
A4567,BLK,ND,0.005
A4568,DUP,1.5,
A4569,CRM,<0.02,0.01
A4570,BLK,ND,0.005
A4571,DUP,1.5,
A4572,CRM,<0.02,0.01
A4573,BLK,ND,0.005
A4574,DUP,1.5,
A4575,CRM,<0.02,0.01
A4576,BLK,ND,0.005
A4577,DUP,1.5,
A4578,CRM,<0.02,0.01
A4579,BLK,ND,0.005
A4580,DUP,1.5,
A4581,CRM,<0.02,0.01
A4582,BLK,ND,0.005
A4583,DUP,1.5,
A4584,CRM,<0.02,0.01
A4585,BLK,ND,0.005
A4586,DUP,1.5,
A4587,CRM,<0.02,0.01
A4588,BLK,ND,0.005
A4589,DUP,1.5,
A4590,CRM,<0.02,0.01
A4591,BLK,ND,0.005
A4592,DUP,1.5,
A4593,CRM,<0.02,0.01
A4594,BLK,ND,0.005
A4595,DUP,1.5,
A4596,CRM,<0.02,0.01
A4597,BLK,ND,0.005
A4598,DUP,1.5,
A4599,CRM,<0.02,0.01
A4600,BLK,ND,0.005
A4601,DUP,1.5,
A4602,CRM,<0.02,0.01
A4603,BLK,ND,0.005
A4604,DUP,1.5,
A4605,CRM,<0.02,0.01
A4606,BLK,ND,0.005
A4607,DUP,1.5,
A4608,CRM,<0.02,0.01
A4609,BLK,ND,0.005
A4610,DUP,1.5,
A4611,CRM,<0.02,0.01
A4612,BLK,ND,0.005
A4613,DUP,1.5,
A4614,CRM,<0.02,0.01
A4615,BLK,ND,0.005
A4616,DUP,1.5,
A4617,CRM,<0.02,0.01
A4618,BLK,ND,0.005
A4619,DUP,1.5,
A4620,CRM,<0.02,0.01
A4621,BLK,ND,0.005
A4622,DUP,1.5,
A4623,CRM,<0.02,0.01
A4624,BLK,ND,0.005
A4625,DUP,1.5,
A4626,CRM,<0.02,0.01
A4627,BLK,ND,0.005
A4628,DUP,1.5,
A4629,CRM,<0.02,0.01
A4630,BLK,ND,0.005
A4631,DUP,1.5,
A4632,CRM,<0.02,0.01
A4633,BLK,ND,0.005
A4634,DUP,1.5,
A4635,CRM,<0.02,0.01
A4636,BLK,ND,0.005
A4637,DUP,1.5,
A4638,CRM,<0.02,0.01
A4639,BLK,ND,0.005
A4640,DUP,1.5,
A4641,CRM,<0.02,0.01
A4642,BLK,ND,0.005
A4643,DUP,1.5,
A4644,CRM,<0.02,0.01
A4645,BLK,ND,0.005
A4646,DUP,1.5,
A4647,CRM,<0.02,0.01
A4648,BLK,ND,0.005
A4649,DUP,1.5,
A4650,CRM,<0.02,0.01
A4651,BLK,ND,0.005
A4652,DUP,1.5,
A4653,CRM,<0.02,0.01
A4654,BLK,ND,0.005
A4655,DUP,1.5,
A4656,CRM,<0.02,0.01
A4657,BLK,ND,0.005
A4658,DUP,1.5,
A4659,CRM,<0.02,0.01
A4660,BLK,ND,0.005
A4661,DUP,1.5,
A4662,CRM,<0.02,0.01
A4663,BLK,ND,0.005
A4664,DUP,1.5,
A4665,CRM,<0.02,0.01
A4666,BLK,ND,0.005
A4667,DUP,1.5,
A4668,CRM,<0.02,0.01
A4669,BLK,ND,0.005
A4670,DUP,1.5,
A4671,CRM,<0.02,0.01
A4672,BLK,ND,0.005
A4673,DUP,1.5,
A4674,CRM,<0.02,0.01
A4675,BLK,ND,0.005
A4676,DUP,1.5,
A4677,CRM,<0.02,0.01
A4678,BLK,ND,0.005
A4679,DUP,1.5,
A4680,CRM,<0.02,0.01
A4681,BLK,ND,0.005
A4682,DUP,1.5,
A4683,CRM,<0.02,0.01
A4684,BLK,ND,0.005
A4685,DUP,1.5,
A4686,CRM,<0.02,0.01
A4687,BLK,ND,0.005
A4688,DUP,1.5,
A4689,CRM,<0.02,0.01
A4690,BLK,ND,0.005
A4691,DUP,1.5,
A4692,CRM,<0.02,0.01
A4693,BLK,ND,0.005
A4694,DUP,1.5,
A4695,CRM,<0.02,0.01
A4696,BLK,ND,0.005
A4697,DUP,1.5,
A4698,CRM,<0.02,0.01
A4699,BLK,ND,0.005
A4700,DUP,1.5,
A4701,CRM,<0.02,0.01
A4702,BLK,ND,0.005
A4703,DUP,1.5,
A4704,CRM,<0.02,0.01
A4705,BLK,ND,0.005
A4706,DUP,1.5,
A4707,CRM,<0.02,0.01
A4708,BLK,ND,0.005
A4709,DUP,1.5,
A4710,CRM,<0.02,0.01
A4711,BLK,ND,0.005
A4712,DUP,1.5,
A4713,CRM,<0.02,0.01
A4714,BLK,ND,0.005
A4715,DUP,1.5,
A4716,CRM,<0.02,0.01
A4717,BLK,ND,0.005
A4718,DUP,1.5,
A4719,CRM,<0.02,0.01
A4720,BLK,ND,0.005
A4721,DUP,1.5,
A4722,CRM,<0.02,0.01
A4723,BLK,ND,0.005
A4724,DUP,1.5,
A4725,CRM,<0.02,0.01
A4726,BLK,ND,0.005
A4727,DUP,1.5,
A4728,CRM,<0.02,0.01
A4729,BLK,ND,0.005
A4730,DUP,1.5,
A4731,CRM,<0.02,0.01
A4732,BLK,ND,0.005
A4733,DUP,1.5,
A4734,CRM,<0.02,0.01
A4735,BLK,ND,0.005
A4736,DUP,1.5,
A4737,CRM,<0.02,0.01
A4738,BLK,ND,0.005
A4739,DUP,1.5,
A4740,CRM,<0.02,0.01
A4741,BLK,ND,0.005
A4742,DUP,1.5,
A4743,CRM,<0.02,0.01
A4744,BLK,ND,0.005
A4745,DUP,1.5,
A4746,CRM,<0.02,0.01
A4747,BLK,ND,0.005
A4748,DUP,1.5,
A4749,CRM,<0.02,0.01
A4750,BLK,ND,0.005
A4751,DUP,1.5,
A4752,CRM,<0.02,0.01
A4753,BLK,ND,0.005
A4754,DUP,1.5,
A4755,CRM,<0.02,0.01
A4756,BLK,ND,0.005
A4757,DUP,1.5,
A4758,CRM,<0.02,0.01
A4759,BLK,ND,0.005
A4760,DUP,1.5,
A4761,CRM,<0.02,0.01
A4762,BLK,ND,0.005
A4763,DUP,1.5,
A4764,CRM,<0.02,0.01
A4765,BLK,ND,0.005
A4766,DUP,1.5,
A4767,CRM,<0.02,0.01
A4768,BLK,ND,0.005
A4769,DUP,1.5,
A4770,CRM,<0.02,0.01
A4771,BLK,ND,0.005
A4772,DUP,1.5,
A4773,CRM,<0.02,0.01
A4774,BLK,ND,0.005
A4775,DUP,1.5,
A4776,CRM,<0.02,0.01
A4777,BLK,ND,0.005
A4778,DUP,1.5,
A4779,CRM,<0.02,0.01
A4780,BLK,ND,0.005
A4781,DUP,1.5,
A4782,CRM,<0.02,0.01
A4783,BLK,ND,0.005
A4784,DUP,1.5,
A4785,CRM,<0.02,0.01
A4786,BLK,ND,0.005
A4787,DUP,1.5,
A4788,CRM,<0.02,0.01
A4789,BLK,ND,0.005
A4790,DUP,1.5,
A4791,CRM,<0.02,0.01
A4792,BLK,ND,0.005
A4793,DUP,1.5,
A4794,CRM,<0.02,0.01
A4795,BLK,ND,0.005
A4796,DUP,1.5,
A4797,CRM,<0.02,0.01
A4798,BLK,ND,0.005
A4799,DUP,1.5,
A4800,CRM,<0.02,0.01
A4801,BLK,ND,0.005
A4802,DUP,1.5,
A4803,CRM,<0.02,0.01
A4804,BLK,ND,0.005
A4805,DUP,1.5,
A4806,CRM,<0.02,0.01
A4807,BLK,ND,0.005
A4808,DUP,1.5,
A4809,CRM,<0.02,0.01
A4810,BLK,ND,0.005
A4811,DUP,1.5,
A4812,CRM,<0.02,0.01
A4813,BLK,ND,0.005
A4814,DUP,1.5,
A4815,CRM,<0.02,0.01
A4816,BLK,ND,0.005
A4817,DUP,1.5,
A4818,CRM,<0.02,0.01
A4819,BLK,ND,0.005
A4820,DUP,1.5,
A4821,CRM,<0.02,0.01
A4822,BLK,ND,0.005
A4823,DUP,1.5,
A4824,CRM,<0.02,0.01
A4825,BLK,ND,0.005
A4826,DUP,1.5,
A4827,CRM,<0.02,0.01
A4828,BLK,ND,0.005
A4829,DUP,1.5,
A4830,CRM,<0.02,0.01
A4831,BLK,ND,0.005
A4832,DUP,1.5,
A4833,CRM,<0.02,0.01
A4834,BLK,ND,0.005
A4835,DUP,1.5,
A4836,CRM,<0.02,0.01
A4837,BLK,ND,0.005
A4838,DUP,1.5,
A4839,CRM,<0.02,0.01
A4840,BLK,ND,0.005
A4841,DUP,1.5,
A4842,CRM,<0.02,0.01
A4843,BLK,ND,0.005
A4844,DUP,1.5,
A4845,CRM,<0.02,0.01
A4846,BLK,ND,0.005
A4847,DUP,1.5,
A4848,CRM,<0.02,0.01
A4849,BLK,ND,0.005
A4850,DUP,1.5,
A4851,CRM,<0.02,0.01
A4852,BLK,ND,0.005
A4853,DUP,1.5,
A4854,CRM,<0.02,0.01
A4855,BLK,ND,0.005
A4856,DUP,1.5,
A4857,CRM,<0.02,0.01
A4858,BLK,ND,0.005
A4859,DUP,1.5,
A4860,CRM,<0.02,0.01
A4861,BLK,ND,0.005
A4862,DUP,1.5,
A4863,CRM,<0.02,0.01
A4864,BLK,ND,0.005
A4865,DUP,1.5,
A4866,CRM,<0.02,0.01
A4867,BLK,ND,0.005
A4868,DUP,1.5,
A4869,CRM,<0.02,0.01
A4870,BLK,ND,0.005
A4871,DUP,1.5,
A4872,CRM,<0.02,0.01
A4873,BLK,ND,0.005
A4874,DUP,1.5,
A4875,CRM,<0.02,0.01
A4876,BLK,ND,0.005
A4877,DUP,1.5,
A4878,CRM,<0.02,0.01
A4879,BLK,ND,0.005
A4880,DUP,1.5,
A4881,CRM,<0.02,0.01
A4882,BLK,ND,0.005
A4883,DUP,1.5,
A4884,CRM,<0.02,0.01
A4885,BLK,ND,0.005
A4886,DUP,1.5,
A4887,CRM,<0.02,0.01
A4888,BLK,ND,0.005
A4889,DUP,1.5,
A4890,CRM,<0.02,0.01
A4891,BLK,ND,0.005
A4892,DUP,1.5,
A4893,CRM,<0.02,0.01
A4894,BLK,ND,0.005
A4895,DUP,1.5,
A4896,CRM,<0.02,0.01
A4897,BLK,ND,0.005
A4898,DUP,1.5,
A4899,CRM,<0.02,0.01
A4900,BLK,ND,0.005
A4901,DUP,1.5,
A4902,CRM,<0.02,0.01
A4903,BLK,ND,0.005
A4904,DUP,1.5,
A4905,CRM,<0.02,0.01
A4906,BLK,ND,0.005
A4907,DUP,1.5,
A4908,CRM,<0.02,0.01
A4909,BLK,ND,0.005
A4910,DUP,1.5,
A4911,CRM,<0.02,0.01
A4912,BLK,ND,0.005
A4913,DUP,1.5,
A4914,CRM,<0.02,0.01
A4915,BLK,ND,0.005
A4916,DUP,1.5,
A4917,CRM,<0.02,0.01
A4918,BLK,ND,0.005
A4919,DUP,1.5,
A4920,CRM,<0.02,0.01
A4921,BLK,ND,0.005
A4922,DUP,1.5,
A4923,CRM,<0.02,0.01
A4924,BLK,ND,0.005
A4925,DUP,1.5,
A4926,CRM,<0.02,0.01
A4927,BLK,ND,0.005
A4928,DUP,1.5,
A4929,CRM,<0.02,0.01
A4930,BLK,ND,0.005
A4931,DUP,1.5,
A4932,CRM,<0.02,0.01
A4933,BLK,ND,0.005
A4934,DUP,1.5,
A4935,CRM,<0.02,0.01
A4936,BLK,ND,0.005
A4937,DUP,1.5,
A4938,CRM,<0.02,0.01
A4939,BLK,ND,0.005
A4940,DUP,1.5,
A4941,CRM,<0.02,0.01
A4942,BLK,ND,0.005
A4943,DUP,1.5,
A4944,CRM,<0.02,0.01
A4945,BLK,ND,0.005
A4946,DUP,1.5,
A4947,CRM,<0.02,0.01
A4948,BLK,ND,0.005
A4949,DUP,1.5,
A4950,CRM,<0.02,0.01
A4951,BLK,ND,0.005
A4952,DUP,1.5,
A4953,CRM,<0.02,0.01
A4954,BLK,ND,0.005
A4955,DUP,1.5,
A4956,CRM,<0.02,0.01
A4957,BLK,ND,0.005
A4958,DUP,1.5,
A4959,CRM,<0.02,0.01
A4960,BLK,ND,0.005
A4961,DUP,1.5,
A4962,CRM,<0.02,0.01
A4963,BLK,ND,0.005
A4964,DUP,1.5,
A4965,CRM,<0.02,0.01
A4966,BLK,ND,0.005
A4967,DUP,1.5,
A4968,CRM,<0.02,0.01
A4969,BLK,ND,0.005
A4970,DUP,1.5,
A4971,CRM,<0.02,0.01
A4972,BLK,ND,0.005
A4973,DUP,1.5,
A4974,CRM,<0.02,0.01
A4975,BLK,ND,0.005
A4976,DUP,1.5,
A4977,CRM,<0.02,0.01
A4978,BLK,ND,0.005
A4979,DUP,1.5,
A4980,CRM,<0.02,0.01
A4981,BLK,ND,0.005
A4982,DUP,1.5,
A4983,CRM,<0.02,0.01
A4984,BLK,ND,0.005
A4985,DUP,1.5,
A4986,CRM,<0.02,0.01
A4987,BLK,ND,0.005
A4988,DUP,1.5,
A4989,CRM,<0.02,0.01
A4990,BLK,ND,0.005
A4991,DUP,1.5,
A4992,CRM,<0.02,0.01
A4993,BLK,ND,0.005
A4994,DUP,1.5,
A4995,CRM,<0.02,0.01
A4996,BLK,ND,0.005
A4997,DUP,1.5,
A4998,CRM,<0.02,0.01
A4999,BLK,ND,0.005
A5000,DUP,1.5,
A5001,CRM,<0.02,0.01
A5002,BLK,ND,0.005
A5003,DUP,1.5,
A5004,CRM,<0.02,0.01
A5005,BLK,ND,0.005
A5006,DUP,1.5,
A5007,CRM,<0.02,0.01
A5008,BLK,ND,0.005
A5009,DUP,1.5,
A5010,CRM,<0.02,0.01
A5011,BLK,ND,0.005
A5012,DUP,1.5,
A5013,CRM,<0.02,0.01
A5014,BLK,ND,0.005
A5015,DUP,1.5,
A5016,CRM,<0.02,0.01
A5017,BLK,ND,0.005
A5018,DUP,1.5,
A5019,CRM,<0.02,0.01
A5020,BLK,ND,0.005
A5021,DUP,1.5,
A5022,CRM,<0.02,0.01
A5023,BLK,ND,0.005
A5024,DUP,1.5,
A5025,CRM,<0.02,0.01
A5026,BLK,ND,0.005
A5027,DUP,1.5,
A5028,CRM,<0.02,0.01
A5029,BLK,ND,0.005
A5030,DUP,1.5,
A5031,CRM,<0.02,0.01
A5032,BLK,ND,0.005
A5033,DUP,1.5,
A5034,CRM,<0.02,0.01
A5035,BLK,ND,0.005
A5036,DUP,1.5,
A5037,CRM,<0.02,0.01
A5038,BLK,ND,0.005
A5039,DUP,1.5,
A5040,CRM,<0.02,0.01
A5041,BLK,ND,0.005
A5042,DUP,1.5,
A5043,CRM,<0.02,0.01
A5044,BLK,ND,0.005
A5045,DUP,1.5,
A5046,CRM,<0.02,0.01
A5047,BLK,ND,0.005
A5048,DUP,1.5,
A5049,CRM,<0.02,0.01
A5050,BLK,ND,0.005
A5051,DUP,1.5,
A5052,CRM,<0.02,0.01
A5053,BLK,ND,0.005
A5054,DUP,1.5,
A5055,CRM,<0.02,0.01
A5056,BLK,ND,0.005
A5057,DUP,1.5,
A5058,CRM,<0.02,0.01
A5059,BLK,ND,0.005
A5060,DUP,1.5,
A5061,CRM,<0.02,0.01
A5062,BLK,ND,0.005
A5063,DUP,1.5,
A5064,CRM,<0.02,0.01
A5065,BLK,ND,0.005
A5066,DUP,1.5,
A5067,CRM,<0.02,0.01
A5068,BLK,ND,0.005
A5069,DUP,1.5,
A5070,CRM,<0.02,0.01
A5071,BLK,ND,0.005
A5072,DUP,1.5,
A5073,CRM,<0.02,0.01
A5074,BLK,ND,0.005
A5075,DUP,1.5,
A5076,CRM,<0.02,0.01
A5077,BLK,ND,0.005
A5078,DUP,1.5,
A5079,CRM,<0.02,0.01
A5080,BLK,ND,0.005
A5081,DUP,1.5,
A5082,CRM,<0.02,0.01
A5083,BLK,ND,0.005
A5084,DUP,1.5,
A5085,CRM,<0.02,0.01
A5086,BLK,ND,0.005
A5087,DUP,1.5,
A5088,CRM,<0.02,0.01
A5089,BLK,ND,0.005
A5090,DUP,1.5,
A5091,CRM,<0.02,0.01
A5092,BLK,ND,0.005
A5093,DUP,1.5,
A5094,CRM,<0.02,0.01
A5095,BLK,ND,0.005
A5096,DUP,1.5,
A5097,CRM,<0.02,0.01
A5098,BLK,ND,0.005
A5099,DUP,1.5,
A5100,CRM,<0.02,0.01
A5101,BLK,ND,0.005
A5102,DUP,1.5,
A5103,CRM,<0.02,0.01
A5104,BLK,ND,0.005
A5105,DUP,1.5,
A5106,CRM,<0.02,0.01
A5107,BLK,ND,0.005
A5108,DUP,1.5,
A5109,CRM,<0.02,0.01
A5110,BLK,ND,0.005
A5111,DUP,1.5,
A5112,CRM,<0.02,0.01
A5113,BLK,ND,0.005
A5114,DUP,1.5,
A5115,CRM,<0.02,0.01
A5116,BLK,ND,0.005
A5117,DUP,1.5,
A5118,CRM,<0.02,0.01
A5119,BLK,ND,0.005
A5120,DUP,1.5,
A5121,CRM,<0.02,0.01
A5122,BLK,ND,0.005
A5123,DUP,1.5,
A5124,CRM,<0.02,0.01
A5125,BLK,ND,0.005
A5126,DUP,1.5,
A5127,CRM,<0.02,0.01
A5128,BLK,ND,0.005
A5129,DUP,1.5,
A5130,CRM,<0.02,0.01
A5131,BLK,ND,0.005
A5132,DUP,1.5,
A5133,CRM,<0.02,0.01
A5134,BLK,ND,0.005
A5135,DUP,1.5,
A5136,CRM,<0.02,0.01
A5137,BLK,ND,0.005
A5138,DUP,1.5,
A5139,CRM,<0.02,0.01
A5140,BLK,ND,0.005
A5141,DUP,1.5,
A5142,CRM,<0.02,0.01
A5143,BLK,ND,0.005
A5144,DUP,1.5,
A5145,CRM,<0.02,0.01
A5146,BLK,ND,0.005
A5147,DUP,1.5,
A5148,CRM,<0.02,0.01
A5149,BLK,ND,0.005
A5150,DUP,1.5,
A5151,CRM,<0.02,0.01
A5152,BLK,ND,0.005
A5153,DUP,1.5,
A5154,CRM,<0.02,0.01
A5155,BLK,ND,0.005
A5156,DUP,1.5,
A5157,CRM,<0.02,0.01
A5158,BLK,ND,0.005
A5159,DUP,1.5,
A5160,CRM,<0.02,0.01
A5161,BLK,ND,0.005
A5162,DUP,1.5,
A5163,CRM,<0.02,0.01
A5164,BLK,ND,0.005
A5165,DUP,1.5,
A5166,CRM,<0.02,0.01
A5167,BLK,ND,0.005
A5168,DUP,1.5,
A5169,CRM,<0.02,0.01
A5170,BLK,ND,0.005
A5171,DUP,1.5,
A5172,CRM,<0.02,0.01
A5173,BLK,ND,0.005
A5174,DUP,1.5,
A5175,CRM,<0.02,0.01
A5176,BLK,ND,0.005
A5177,DUP,1.5,
A5178,CRM,<0.02,0.01
A5179,BLK,ND,0.005
A5180,DUP,1.5,
A5181,CRM,<0.02,0.01
A5182,BLK,ND,0.005
A5183,DUP,1.5,
A5184,CRM,<0.02,0.01
A5185,BLK,ND,0.005
A5186,DUP,1.5,
A5187,CRM,<0.02,0.01
A5188,BLK,ND,0.005
A5189,DUP,1.5,
A5190,CRM,<0.02,0.01
A5191,BLK,ND,0.005
A5192,DUP,1.5,
A5193,CRM,<0.02,0.01
A5194,BLK,ND,0.005
A5195,DUP,1.5,
A5196,CRM,<0.02,0.01
A5197,BLK,ND,0.005
A5198,DUP,1.5,
A5199,CRM,<0.02,0.01
A5200,BLK,ND,0.005
A5201,DUP,1.5,
A5202,CRM,<0.02,0.01
A5203,BLK,ND,0.005
A5204,DUP,1.5,
A5205,CRM,<0.02,0.01
A5206,BLK,ND,0.005
A5207,DUP,1.5,
A5208,CRM,<0.02,0.01
A5209,BLK,ND,0.005
A5210,DUP,1.5,
A5211,CRM,<0.02,0.01
A5212,BLK,ND,0.005
A5213,DUP,1.5,
A5214,CRM,<0.02,0.01
A5215,BLK,ND,0.005
A5216,DUP,1.5,
A5217,CRM,<0.02,0.01
A5218,BLK,ND,0.005
A5219,DUP,1.5,
A5220,CRM,<0.02,0.01
A5221,BLK,ND,0.005
A5222,DUP,1.5,
A5223,CRM,<0.02,0.01
A5224,BLK,ND,0.005
A5225,DUP,1.5,
A5226,CRM,<0.02,0.01
A5227,BLK,ND,0.005
A5228,DUP,1.5,
A5229,CRM,<0.02,0.01
A5230,BLK,ND,0.005
A5231,DUP,1.5,
A5232,CRM,<0.02,0.01
A5233,BLK,ND,0.005
A5234,DUP,1.5,
A5235,CRM,<0.02,0.01
A5236,BLK,ND,0.005
A5237,DUP,1.5,
A5238,CRM,<0.02,0.01
A5239,BLK,ND,0.005
A5240,DUP,1.5,
A5241,CRM,<0.02,0.01
A5242,BLK,ND,0.005
A5243,DUP,1.5,
A5244,CRM,<0.02,0.01
A5245,BLK,ND,0.005
A5246,DUP,1.5,
A5247,CRM,<0.02,0.01
A5248,BLK,ND,0.005
A5249,DUP,1.5,
A5250,CRM,<0.02,0.01
A5251,BLK,ND,0.005
A5252,DUP,1.5,
A5253,CRM,<0.02,0.01
A5254,BLK,ND,0.005
A5255,DUP,1.5,
A5256,CRM,<0.02,0.01
A5257,BLK,ND,0.005
A5258,DUP,1.5,
A5259,CRM,<0.02,0.01
A5260,BLK,ND,0.005
A5261,DUP,1.5,
A5262,CRM,<0.02,0.01
A5263,BLK,ND,0.005
A5264,DUP,1.5,
A5265,CRM,<0.02,0.01
A5266,BLK,ND,0.005
A5267,DUP,1.5,
A5268,CRM,<0.02,0.01
A5269,BLK,ND,0.005
A5270,DUP,1.5,
A5271,CRM,<0.02,0.01
A5272,BLK,ND,0.005
A5273,DUP,1.5,
A5274,CRM,<0.02,0.01
A5275,BLK,ND,0.005
A5276,DUP,1.5,
A5277,CRM,<0.02,0.01
A5278,BLK,ND,0.005
A5279,DUP,1.5,
A5280,CRM,<0.02,0.01
A5281,BLK,ND,0.005
A5282,DUP,1.5,
A5283,CRM,<0.02,0.01
A5284,BLK,ND,0.005
A5285,DUP,1.5,
A5286,CRM,<0.02,0.01
A5287,BLK,ND,0.005
A5288,DUP,1.5,
A5289,CRM,<0.02,0.01
A5290,BLK,ND,0.005
A5291,DUP,1.5,
A5292,CRM,<0.02,0.01
A5293,BLK,ND,0.005
A5294,DUP,1.5,
A5295,CRM,<0.02,0.01
A5296,BLK,ND,0.005
A5297,DUP,1.5,
A5298,CRM,<0.02,0.01
A5299,BLK,ND,0.005
A5300,DUP,1.5,
A5301,CRM,<0.02,0.01
A5302,BLK,ND,0.005
A5303,DUP,1.5,
A5304,CRM,<0.02,0.01
A5305,BLK,ND,0.005
A5306,DUP,1.5,
A5307,CRM,<0.02,0.01
A5308,BLK,ND,0.005
A5309,DUP,1.5,
A5310,CRM,<0.02,0.01
A5311,BLK,ND,0.005
A5312,DUP,1.5,
A5313,CRM,<0.02,0.01
A5314,BLK,ND,0.005
A5315,DUP,1.5,
A5316,CRM,<0.02,0.01
A5317,BLK,ND,0.005
A5318,DUP,1.5,
A5319,CRM,<0.02,0.01
A5320,BLK,ND,0.005
A5321,DUP,1.5,
A5322,CRM,<0.02,0.01
A5323,BLK,ND,0.005
A5324,DUP,1.5,
A5325,CRM,<0.02,0.01
A5326,BLK,ND,0.005
A5327,DUP,1.5,
A5328,CRM,<0.02,0.01
A5329,BLK,ND,0.005
A5330,DUP,1.5,
A5331,CRM,<0.02,0.01
A5332,BLK,ND,0.005
A5333,DUP,1.5,
A5334,CRM,<0.02,0.01
A5335,BLK,ND,0.005
A5336,DUP,1.5,
A5337,CRM,<0.02,0.01
A5338,BLK,ND,0.005
A5339,DUP,1.5,
A5340,CRM,<0.02,0.01
A5341,BLK,ND,0.005
A5342,DUP,1.5,
A5343,CRM,<0.02,0.01
A5344,BLK,ND,0.005
A5345,DUP,1.5,
A5346,CRM,<0.02,0.01
A5347,BLK,ND,0.005
A5348,DUP,1.5,
A5349,CRM,<0.02,0.01
A5350,BLK,ND,0.005
A5351,DUP,1.5,
A5352,CRM,<0.02,0.01
A5353,BLK,ND,0.005
A5354,DUP,1.5,
A5355,CRM,<0.02,0.01
A5356,BLK,ND,0.005
A5357,DUP,1.5,
A5358,CRM,<0.02,0.01
A5359,BLK,ND,0.005
A5360,DUP,1.5,
A5361,CRM,<0.02,0.01
A5362,BLK,ND,0.005
A5363,DUP,1.5,
A5364,CRM,<0.02,0.01
A5365,BLK,ND,0.005
A5366,DUP,1.5,
A5367,CRM,<0.02,0.01
A5368,BLK,ND,0.005
A5369,DUP,1.5,
A5370,CRM,<0.02,0.01
A5371,BLK,ND,0.005
A5372,DUP,1.5,
A5373,CRM,<0.02,0.01
A5374,BLK,ND,0.005
A5375,DUP,1.5,
A5376,CRM,<0.02,0.01
A5377,BLK,ND,0.005
A5378,DUP,1.5,
A5379,CRM,<0.02,0.01
A5380,BLK,ND,0.005
A5381,DUP,1.5,
A5382,CRM,<0.02,0.01
A5383,BLK,ND,0.005
A5384,DUP,1.5,
A5385,CRM,<0.02,0.01
A5386,BLK,ND,0.005
A5387,DUP,1.5,
A5388,CRM,<0.02,0.01
A5389,BLK,ND,0.005
A5390,DUP,1.5,
A5391,CRM,<0.02,0.01
A5392,BLK,ND,0.005
A5393,DUP,1.5,
A5394,CRM,<0.02,0.01
A5395,BLK,ND,0.005
A5396,DUP,1.5,
A5397,CRM,<0.02,0.01
A5398,BLK,ND,0.005
A5399,DUP,1.5,
A5400,CRM,<0.02,0.01
A5401,BLK,ND,0.005
A5402,DUP,1.5,
A5403,CRM,<0.02,0.01
A5404,BLK,ND,0.005
A5405,DUP,1.5,
A5406,CRM,<0.02,0.01
A5407,BLK,ND,0.005
A5408,DUP,1.5,
A5409,CRM,<0.02,0.01
A5410,BLK,ND,0.005
A5411,DUP,1.5,
A5412,CRM,<0.02,0.01
A5413,BLK,ND,0.005
A5414,DUP,1.5,
A5415,CRM,<0.02,0.01
A5416,BLK,ND,0.005
A5417,DUP,1.5,
A5418,CRM,<0.02,0.01
A5419,BLK,ND,0.005
A5420,DUP,1.5,
A5421,CRM,<0.02,0.01
A5422,BLK,ND,0.005
A5423,DUP,1.5,
A5424,CRM,<0.02,0.01
A5425,BLK,ND,0.005
A5426,DUP,1.5,
A5427,CRM,<0.02,0.01
A5428,BLK,ND,0.005
A5429,DUP,1.5,
A5430,CRM,<0.02,0.01
A5431,BLK,ND,0.005
A5432,DUP,1.5,
A5433,CRM,<0.02,0.01
A5434,BLK,ND,0.005
A5435,DUP,1.5,
A5436,CRM,<0.02,0.01
A5437,BLK,ND,0.005
A5438,DUP,1.5,
A5439,CRM,<0.02,0.01
A5440,BLK,ND,0.005
A5441,DUP,1.5,
A5442,CRM,<0.02,0.01
A5443,BLK,ND,0.005
A5444,DUP,1.5,
A5445,CRM,<0.02,0.01
A5446,BLK,ND,0.005
A5447,DUP,1.5,
A5448,CRM,<0.02,0.01
A5449,BLK,ND,0.005
A5450,DUP,1.5,
A5451,CRM,<0.02,0.01
A5452,BLK,ND,0.005
A5453,DUP,1.5,
A5454,CRM,<0.02,0.01
A5455,BLK,ND,0.005
A5456,DUP,1.5,
A5457,CRM,<0.02,0.01
A5458,BLK,ND,0.005
A5459,DUP,1.5,
A5460,CRM,<0.02,0.01
A5461,BLK,ND,0.005
A5462,DUP,1.5,
A5463,CRM,<0.02,0.01
A5464,BLK,ND,0.005
A5465,DUP,1.5,
A5466,CRM,<0.02,0.01
A5467,BLK,ND,0.005
A5468,DUP,1.5,
A5469,CRM,<0.02,0.01
A5470,BLK,ND,0.005
A5471,DUP,1.5,
A5472,CRM,<0.02,0.01
A5473,BLK,ND,0.005
A5474,DUP,1.5,
A5475,CRM,<0.02,0.01
A5476,BLK,ND,0.005
A5477,DUP,1.5,
A5478,CRM,<0.02,0.01
A5479,BLK,ND,0.005
A5480,DUP,1.5,
A5481,CRM,<0.02,0.01
A5482,BLK,ND,0.005
A5483,DUP,1.5,
A5484,CRM,<0.02,0.01
A5485,BLK,ND,0.005
A5486,DUP,1.5,
A5487,CRM,<0.02,0.01
A5488,BLK,ND,0.005
A5489,DUP,1.5,
A5490,CRM,<0.02,0.01
A5491,BLK,ND,0.005
A5492,DUP,1.5,
A5493,CRM,<0.02,0.01
A5494,BLK,ND,0.005
A5495,DUP,1.5,
A5496,CRM,<0.02,0.01
A5497,BLK,ND,0.005
A5498,DUP,1.5,
A5499,CRM,<0.02,0.01
A5500,BLK,ND,0.005
A5501,DUP,1.5,
A5502,CRM,<0.02,0.01
A5503,BLK,ND,0.005
A5504,DUP,1.5,
A5505,CRM,<0.02,0.01
A5506,BLK,ND,0.005
A5507,DUP,1.5,
A5508,CRM,<0.02,0.01
A5509,BLK,ND,0.005
A5510,DUP,1.5,
A5511,CRM,<0.02,0.01
A5512,BLK,ND,0.005
A5513,DUP,1.5,
A5514,CRM,<0.02,0.01
A5515,BLK,ND,0.005
A5516,DUP,1.5,
A5517,CRM,<0.02,0.01
A5518,BLK,ND,0.005
A5519,DUP,1.5,
A5520,CRM,<0.02,0.01
A5521,BLK,ND,0.005
A5522,DUP,1.5,
A5523,CRM,<0.02,0.01
A5524,BLK,ND,0.005
A5525,DUP,1.5,
A5526,CRM,<0.02,0.01
A5527,BLK,ND,0.005
A5528,DUP,1.5,
A5529,CRM,<0.02,0.01
A5530,BLK,ND,0.005
A5531,DUP,1.5,
A5532,CRM,<0.02,0.01
A5533,BLK,ND,0.005
A5534,DUP,1.5,
A5535,CRM,<0.02,0.01
A5536,BLK,ND,0.005
A5537,DUP,1.5,
A5538,CRM,<0.02,0.01
A5539,BLK,ND,0.005
A5540,DUP,1.5,
A5541,CRM,<0.02,0.01
A5542,BLK,ND,0.005
A5543,DUP,1.5,
A5544,CRM,<0.02,0.01
A5545,BLK,ND,0.005
A5546,DUP,1.5,
A5547,CRM,<0.02,0.01
A5548,BLK,ND,0.005
A5549,DUP,1.5,
A5550,CRM,<0.02,0.01
A5551,BLK,ND,0.005
A5552,DUP,1.5,
A5553,CRM,<0.02,0.01
A5554,BLK,ND,0.005
A5555,DUP,1.5,
A5556,CRM,<0.02,0.01
A5557,BLK,ND,0.005
A5558,DUP,1.5,
A5559,CRM,<0.02,0.01
A5560,BLK,ND,0.005
A5561,DUP,1.5,
A5562,CRM,<0.02,0.01
A5563,BLK,ND,0.005
A5564,DUP,1.5,
A5565,CRM,<0.02,0.01
A5566,BLK,ND,0.005
A5567,DUP,1.5,
A5568,CRM,<0.02,0.01
A5569,BLK,ND,0.005
A5570,DUP,1.5,
A5571,CRM,<0.02,0.01
A5572,BLK,ND,0.005
A5573,DUP,1.5,
A5574,CRM,<0.02,0.01
A5575,BLK,ND,0.005
A5576,DUP,1.5,
A5577,CRM,<0.02,0.01
A5578,BLK,ND,0.005
A5579,DUP,1.5,
A5580,CRM,<0.02,0.01
A5581,BLK,ND,0.005
A5582,DUP,1.5,
A5583,CRM,<0.02,0.01
A5584,BLK,ND,0.005
A5585,DUP,1.5,
A5586,CRM,<0.02,0.01
A5587,BLK,ND,0.005
A5588,DUP,1.5,
A5589,CRM,<0.02,0.01
A5590,BLK,ND,0.005
A5591,DUP,1.5,
A5592,CRM,<0.02,0.01
A5593,BLK,ND,0.005
A5594,DUP,1.5,
A5595,CRM,<0.02,0.01
A5596,BLK,ND,0.005
A5597,DUP,1.5,
A5598,CRM,<0.02,0.01
A5599,BLK,ND,0.005
A5600,DUP,1.5,
A5601,CRM,<0.02,0.01
A5602,BLK,ND,0.005
A5603,DUP,1.5,
A5604,CRM,<0.02,0.01
A5605,BLK,ND,0.005
A5606,DUP,1.5,
A5607,CRM,<0.02,0.01
A5608,BLK,ND,0.005
A5609,DUP,1.5,
A5610,CRM,<0.02,0.01
A5611,BLK,ND,0.005
A5612,DUP,1.5,
A5613,CRM,<0.02,0.01
A5614,BLK,ND,0.005
A5615,DUP,1.5,
A5616,CRM,<0.02,0.01
A5617,BLK,ND,0.005
A5618,DUP,1.5,
A5619,CRM,<0.02,0.01
A5620,BLK,ND,0.005
A5621,DUP,1.5,
A5622,CRM,<0.02,0.01
A5623,BLK,ND,0.005
A5624,DUP,1.5,
A5625,CRM,<0.02,0.01
A5626,BLK,ND,0.005
A5627,DUP,1.5,
A5628,CRM,<0.02,0.01
A5629,BLK,ND,0.005
A5630,DUP,1.5,
A5631,CRM,<0.02,0.01
A5632,BLK,ND,0.005
A5633,DUP,1.5,
A5634,CRM,<0.02,0.01
A5635,BLK,ND,0.005
A5636,DUP,1.5,
A5637,CRM,<0.02,0.01
A5638,BLK,ND,0.005
A5639,DUP,1.5,
A5640,CRM,<0.02,0.01
A5641,BLK,ND,0.005
A5642,DUP,1.5,
A5643,CRM,<0.02,0.01
A5644,BLK,ND,0.005
A5645,DUP,1.5,
A5646,CRM,<0.02,0.01
A5647,BLK,ND,0.005
A5648,DUP,1.5,
A5649,CRM,<0.02,0.01
A5650,BLK,ND,0.005
A5651,DUP,1.5,
A5652,CRM,<0.02,0.01
A5653,BLK,ND,0.005
A5654,DUP,1.5,
A5655,CRM,<0.02,0.01
A5656,BLK,ND,0.005
A5657,DUP,1.5,
A5658,CRM,<0.02,0.01
A5659,BLK,ND,0.005
A5660,DUP,1.5,
A5661,CRM,<0.02,0.01
A5662,BLK,ND,0.005
A5663,DUP,1.5,
A5664,CRM,<0.02,0.01
A5665,BLK,ND,0.005
A5666,DUP,1.5,
A5667,CRM,<0.02,0.01
A5668,BLK,ND,0.005
A5669,DUP,1.5,
A5670,CRM,<0.02,0.01
A5671,BLK,ND,0.005
A5672,DUP,1.5,
A5673,CRM,<0.02,0.01
A5674,BLK,ND,0.005
A5675,DUP,1.5,
A5676,CRM,<0.02,0.01
A5677,BLK,ND,0.005
A5678,DUP,1.5,
A5679,CRM,<0.02,0.01
A5680,BLK,ND,0.005
A5681,DUP,1.5,
A5682,CRM,<0.02,0.01
A5683,BLK,ND,0.005
A5684,DUP,1.5,
A5685,CRM,<0.02,0.01
A5686,BLK,ND,0.005
A5687,DUP,1.5,
A5688,CRM,<0.02,0.01
A5689,BLK,ND,0.005
A5690,DUP,1.5,
A5691,CRM,<0.02,0.01
A5692,BLK,ND,0.005
A5693,DUP,1.5,
A5694,CRM,<0.02,0.01
A5695,BLK,ND,0.005
A5696,DUP,1.5,
A5697,CRM,<0.02,0.01
A5698,BLK,ND,0.005
A5699,DUP,1.5,
A5700,CRM,<0.02,0.01
A5701,BLK,ND,0.005
A5702,DUP,1.5,
A5703,CRM,<0.02,0.01
A5704,BLK,ND,0.005
A5705,DUP,1.5,
A5706,CRM,<0.02,0.01
A5707,BLK,ND,0.005
A5708,DUP,1.5,
A5709,CRM,<0.02,0.01
A5710,BLK,ND,0.005
A5711,DUP,1.5,
A5712,CRM,<0.02,0.01
A5713,BLK,ND,0.005
A5714,DUP,1.5,
A5715,CRM,<0.02,0.01
A5716,BLK,ND,0.005
A5717,DUP,1.5,
A5718,CRM,<0.02,0.01
A5719,BLK,ND,0.005
A5720,DUP,1.5,
A5721,CRM,<0.02,0.01
A5722,BLK,ND,0.005
A5723,DUP,1.5,
A5724,CRM,<0.02,0.01
A5725,BLK,ND,0.005
A5726,DUP,1.5,
A5727,CRM,<0.02,0.01
A5728,BLK,ND,0.005
A5729,DUP,1.5,
A5730,CRM,<0.02,0.01
A5731,BLK,ND,0.005
A5732,DUP,1.5,
A5733,CRM,<0.02,0.01
A5734,BLK,ND,0.005
A5735,DUP,1.5,
A5736,CRM,<0.02,0.01
A5737,BLK,ND,0.005
A5738,DUP,1.5,
A5739,CRM,<0.02,0.01
A5740,BLK,ND,0.005
A5741,DUP,1.5,
A5742,CRM,<0.02,0.01
A5743,BLK,ND,0.005
A5744,DUP,1.5,
A5745,CRM,<0.02,0.01
A5746,BLK,ND,0.005
A5747,DUP,1.5,
A5748,CRM,<0.02,0.01
A5749,BLK,ND,0.005
A5750,DUP,1.5,
A5751,CRM,<0.02,0.01
A5752,BLK,ND,0.005
A5753,DUP,1.5,
A5754,CRM,<0.02,0.01
A5755,BLK,ND,0.005
A5756,DUP,1.5,
A5757,CRM,<0.02,0.01
A5758,BLK,ND,0.005
A5759,DUP,1.5,
A5760,CRM,<0.02,0.01
A5761,BLK,ND,0.005
A5762,DUP,1.5,
A5763,CRM,<0.02,0.01
A5764,BLK,ND,0.005
A5765,DUP,1.5,
A5766,CRM,<0.02,0.01
A5767,BLK,ND,0.005
A5768,DUP,1.5,
A5769,CRM,<0.02,0.01
A5770,BLK,ND,0.005
A5771,DUP,1.5,
A5772,CRM,<0.02,0.01
A5773,BLK,ND,0.005
A5774,DUP,1.5,
A5775,CRM,<0.02,0.01
A5776,BLK,ND,0.005
A5777,DUP,1.5,
A5778,CRM,<0.02,0.01
A5779,BLK,ND,0.005
A5780,DUP,1.5,
A5781,CRM,<0.02,0.01
A5782,BLK,ND,0.005
A5783,DUP,1.5,
A5784,CRM,<0.02,0.01
A5785,BLK,ND,0.005
A5786,DUP,1.5,
A5787,CRM,<0.02,0.01
A5788,BLK,ND,0.005
A5789,DUP,1.5,
A5790,CRM,<0.02,0.01
A5791,BLK,ND,0.005
A5792,DUP,1.5,
A5793,CRM,<0.02,0.01
A5794,BLK,ND,0.005
A5795,DUP,1.5,
A5796,CRM,<0.02,0.01
A5797,BLK,ND,0.005
A5798,DUP,1.5,
A5799,CRM,<0.02,0.01
A5800,BLK,ND,0.005
A5801,DUP,1.5,
A5802,CRM,<0.02,0.01
A5803,BLK,ND,0.005
A5804,DUP,1.5,
A5805,CRM,<0.02,0.01
A5806,BLK,ND,0.005
A5807,DUP,1.5,
A5808,CRM,<0.02,0.01
A5809,BLK,ND,0.005
A5810,DUP,1.5,
A5811,CRM,<0.02,0.01
A5812,BLK,ND,0.005
A5813,DUP,1.5,
A5814,CRM,<0.02,0.01
A5815,BLK,ND,0.005
A5816,DUP,1.5,
A5817,CRM,<0.02,0.01
A5818,BLK,ND,0.005
A5819,DUP,1.5,
A5820,CRM,<0.02,0.01
A5821,BLK,ND,0.005
A5822,DUP,1.5,
A5823,CRM,<0.02,0.01
A5824,BLK,ND,0.005
A5825,DUP,1.5,
A5826,CRM,<0.02,0.01
A5827,BLK,ND,0.005
A5828,DUP,1.5,
A5829,CRM,<0.02,0.01
A5830,BLK,ND,0.005
A5831,DUP,1.5,
A5832,CRM,<0.02,0.01
A5833,BLK,ND,0.005
A5834,DUP,1.5,
A5835,CRM,<0.02,0.01
A5836,BLK,ND,0.005
A5837,DUP,1.5,
A5838,CRM,<0.02,0.01
A5839,BLK,ND,0.005
A5840,DUP,1.5,
A5841,CRM,<0.02,0.01
A5842,BLK,ND,0.005
A5843,DUP,1.5,
A5844,CRM,<0.02,0.01
A5845,BLK,ND,0.005
A5846,DUP,1.5,
A5847,CRM,<0.02,0.01
A5848,BLK,ND,0.005
A5849,DUP,1.5,
A5850,CRM,<0.02,0.01
A5851,BLK,ND,0.005
A5852,DUP,1.5,
A5853,CRM,<0.02,0.01
A5854,BLK,ND,0.005
A5855,DUP,1.5,
A5856,CRM,<0.02,0.01
A5857,BLK,ND,0.005
A5858,DUP,1.5,
A5859,CRM,<0.02,0.01
A5860,BLK,ND,0.005
A5861,DUP,1.5,
A5862,CRM,<0.02,0.01
A5863,BLK,ND,0.005
A5864,DUP,1.5,
A5865,CRM,<0.02,0.01
A5866,BLK,ND,0.005
A5867,DUP,1.5,
A5868,CRM,<0.02,0.01
A5869,BLK,ND,0.005
A5870,DUP,1.5,
A5871,CRM,<0.02,0.01
A5872,BLK,ND,0.005
A5873,DUP,1.5,
A5874,CRM,<0.02,0.01
A5875,BLK,ND,0.005
A5876,DUP,1.5,
A5877,CRM,<0.02,0.01
A5878,BLK,ND,0.005
A5879,DUP,1.5,
A5880,CRM,<0.02,0.01
A5881,BLK,ND,0.005
A5882,DUP,1.5,
A5883,CRM,<0.02,0.01
A5884,BLK,ND,0.005
A5885,DUP,1.5,
A5886,CRM,<0.02,0.01
A5887,BLK,ND,0.005
A5888,DUP,1.5,
A5889,CRM,<0.02,0.01
A5890,BLK,ND,0.005
A5891,DUP,1.5,
A5892,CRM,<0.02,0.01
A5893,BLK,ND,0.005
A5894,DUP,1.5,
A5895,CRM,<0.02,0.01
A5896,BLK,ND,0.005
A5897,DUP,1.5,
A5898,CRM,<0.02,0.01
A5899,BLK,ND,0.005
A5900,DUP,1.5,
A5901,CRM,<0.02,0.01
A5902,BLK,ND,0.005
A5903,DUP,1.5,
A5904,CRM,<0.02,0.01
A5905,BLK,ND,0.005
A5906,DUP,1.5,
A5907,CRM,<0.02,0.01
A5908,BLK,ND,0.005
A5909,DUP,1.5,
A5910,CRM,<0.02,0.01
A5911,BLK,ND,0.005
A5912,DUP,1.5,
A5913,CRM,<0.02,0.01
A5914,BLK,ND,0.005
A5915,DUP,1.5,
A5916,CRM,<0.02,0.01
A5917,BLK,ND,0.005
A5918,DUP,1.5,
A5919,CRM,<0.02,0.01
A5920,BLK,ND,0.005
A5921,DUP,1.5,
A5922,CRM,<0.02,0.01
A5923,BLK,ND,0.005
A5924,DUP,1.5,
A5925,CRM,<0.02,0.01
A5926,BLK,ND,0.005
A5927,DUP,1.5,
A5928,CRM,<0.02,0.01
A5929,BLK,ND,0.005
A5930,DUP,1.5,
A5931,CRM,<0.02,0.01
A5932,BLK,ND,0.005
A5933,DUP,1.5,
A5934,CRM,<0.02,0.01
A5935,BLK,ND,0.005
A5936,DUP,1.5,
A5937,CRM,<0.02,0.01
A5938,BLK,ND,0.005
A5939,DUP,1.5,
A5940,CRM,<0.02,0.01
A5941,BLK,ND,0.005
A5942,DUP,1.5,
A5943,CRM,<0.02,0.01
A5944,BLK,ND,0.005
A5945,DUP,1.5,
A5946,CRM,<0.02,0.01
A5947,BLK,ND,0.005
A5948,DUP,1.5,
A5949,CRM,<0.02,0.01
A5950,BLK,ND,0.005
A5951,DUP,1.5,
A5952,CRM,<0.02,0.01
A5953,BLK,ND,0.005
A5954,DUP,1.5,
A5955,CRM,<0.02,0.01
A5956,BLK,ND,0.005
A5957,DUP,1.5,
A5958,CRM,<0.02,0.01
A5959,BLK,ND,0.005
A5960,DUP,1.5,
A5961,CRM,<0.02,0.01
A5962,BLK,ND,0.005
A5963,DUP,1.5,
A5964,CRM,<0.02,0.01
A5965,BLK,ND,0.005
A5966,DUP,1.5,
A5967,CRM,<0.02,0.01
A5968,BLK,ND,0.005
A5969,DUP,1.5,
A5970,CRM,<0.02,0.01
A5971,BLK,ND,0.005
A5972,DUP,1.5,
A5973,CRM,<0.02,0.01
A5974,BLK,ND,0.005
A5975,DUP,1.5,
A5976,CRM,<0.02,0.01
A5977,BLK,ND,0.005
A5978,DUP,1.5,
A5979,CRM,<0.02,0.01
A5980,BLK,ND,0.005
A5981,DUP,1.5,
A5982,CRM,<0.02,0.01
A5983,BLK,ND,0.005
A5984,DUP,1.5,
A5985,CRM,<0.02,0.01
A5986,BLK,ND,0.005
A5987,DUP,1.5,
A5988,CRM,<0.02,0.01
A5989,BLK,ND,0.005
A5990,DUP,1.5,
A5991,CRM,<0.02,0.01
A5992,BLK,ND,0.005
A5993,DUP,1.5,
A5994,CRM,<0.02,0.01
A5995,BLK,ND,0.005
A5996,DUP,1.5,
A5997,CRM,<0.02,0.01
A5998,BLK,ND,0.005
A5999,DUP,1.5,
A6000,CRM,<0.02,0.01
A6001,BLK,ND,0.005
A6002,DUP,1.5,
A6003,CRM,<0.02,0.01
A6004,BLK,ND,0.005
A6005,DUP,1.5,
A6006,CRM,<0.02,0.01
A6007,BLK,ND,0.005
A6008,DUP,1.5,
A6009,CRM,<0.02,0.01
A6010,BLK,ND,0.005
A6011,DUP,1.5,
A6012,CRM,<0.02,0.01
A6013,BLK,ND,0.005
A6014,DUP,1.5,
A6015,CRM,<0.02,0.01
A6016,BLK,ND,0.005
A6017,DUP,1.5,
A6018,CRM,<0.02,0.01
A6019,BLK,ND,0.005
A6020,DUP,1.5,
A6021,CRM,<0.02,0.01
A6022,BLK,ND,0.005
A6023,DUP,1.5,
A6024,CRM,<0.02,0.01
A6025,BLK,ND,0.005
A6026,DUP,1.5,
A6027,CRM,<0.02,0.01
A6028,BLK,ND,0.005
A6029,DUP,1.5,
A6030,CRM,<0.02,0.01
A6031,BLK,ND,0.005
A6032,DUP,1.5,
A6033,CRM,<0.02,0.01
A6034,BLK,ND,0.005
A6035,DUP,1.5,
A6036,CRM,<0.02,0.01
A6037,BLK,ND,0.005
A6038,DUP,1.5,
A6039,CRM,<0.02,0.01
A6040,BLK,ND,0.005
A6041,DUP,1.5,
A6042,CRM,<0.02,0.01
A6043,BLK,ND,0.005
A6044,DUP,1.5,
A6045,CRM,<0.02,0.01
A6046,BLK,ND,0.005
A6047,DUP,1.5,
A6048,CRM,<0.02,0.01
A6049,BLK,ND,0.005
A6050,DUP,1.5,
A6051,CRM,<0.02,0.01
A6052,BLK,ND,0.005
A6053,DUP,1.5,
A6054,CRM,<0.02,0.01
A6055,BLK,ND,0.005
A6056,DUP,1.5,
A6057,CRM,<0.02,0.01
A6058,BLK,ND,0.005
A6059,DUP,1.5,
A6060,CRM,<0.02,0.01
A6061,BLK,ND,0.005
A6062,DUP,1.5,
A6063,CRM,<0.02,0.01
A6064,BLK,ND,0.005
A6065,DUP,1.5,
A6066,CRM,<0.02,0.01
A6067,BLK,ND,0.005
A6068,DUP,1.5,
A6069,CRM,<0.02,0.01
A6070,BLK,ND,0.005
A6071,DUP,1.5,
A6072,CRM,<0.02,0.01
A6073,BLK,ND,0.005
A6074,DUP,1.5,
A6075,CRM,<0.02,0.01
A6076,BLK,ND,0.005
A6077,DUP,1.5,
A6078,CRM,<0.02,0.01
A6079,BLK,ND,0.005
A6080,DUP,1.5,
A6081,CRM,<0.02,0.01
A6082,BLK,ND,0.005
A6083,DUP,1.5,
A6084,CRM,<0.02,0.01
A6085,BLK,ND,0.005
A6086,DUP,1.5,
A6087,CRM,<0.02,0.01
A6088,BLK,ND,0.005
A6089,DUP,1.5,
A6090,CRM,<0.02,0.01
A6091,BLK,ND,0.005
A6092,DUP,1.5,
A6093,CRM,<0.02,0.01
A6094,BLK,ND,0.005
A6095,DUP,1.5,
A6096,CRM,<0.02,0.01
A6097,BLK,ND,0.005
A6098,DUP,1.5,
A6099,CRM,<0.02,0.01
A6100,BLK,ND,0.005
A6101,DUP,1.5,
A6102,CRM,<0.02,0.01
A6103,BLK,ND,0.005
A6104,DUP,1.5,
A6105,CRM,<0.02,0.01
A6106,BLK,ND,0.005
A6107,DUP,1.5,
A6108,CRM,<0.02,0.01
A6109,BLK,ND,0.005
A6110,DUP,1.5,
A6111,CRM,<0.02,0.01
A6112,BLK,ND,0.005
A6113,DUP,1.5,
A6114,CRM,<0.02,0.01
A6115,BLK,ND,0.005
A6116,DUP,1.5,
A6117,CRM,<0.02,0.01
A6118,BLK,ND,0.005
A6119,DUP,1.5,
A6120,CRM,<0.02,0.01
A6121,BLK,ND,0.005
A6122,DUP,1.5,
A6123,CRM,<0.02,0.01
A6124,BLK,ND,0.005
A6125,DUP,1.5,
A6126,CRM,<0.02,0.01
A6127,BLK,ND,0.005
A6128,DUP,1.5,
A6129,CRM,<0.02,0.01
A6130,BLK,ND,0.005
A6131,DUP,1.5,
A6132,CRM,<0.02,0.01
A6133,BLK,ND,0.005
A6134,DUP,1.5,
A6135,CRM,<0.02,0.01
A6136,BLK,ND,0.005
A6137,DUP,1.5,
A6138,CRM,<0.02,0.01
A6139,BLK,ND,0.005
A6140,DUP,1.5,
A6141,CRM,<0.02,0.01
A6142,BLK,ND,0.005
A6143,DUP,1.5,
A6144,CRM,<0.02,0.01
A6145,BLK,ND,0.005
A6146,DUP,1.5,
A6147,CRM,<0.02,0.01
A6148,BLK,ND,0.005
A6149,DUP,1.5,
A6150,CRM,<0.02,0.01
A6151,BLK,ND,0.005
A6152,DUP,1.5,
A6153,CRM,<0.02,0.01
A6154,BLK,ND,0.005
A6155,DUP,1.5,
A6156,CRM,<0.02,0.01
A6157,BLK,ND,0.005
A6158,DUP,1.5,
A6159,CRM,<0.02,0.01
A6160,BLK,ND,0.005
A6161,DUP,1.5,
A6162,CRM,<0.02,0.01
A6163,BLK,ND,0.005
A6164,DUP,1.5,
A6165,CRM,<0.02,0.01
A6166,BLK,ND,0.005
A6167,DUP,1.5,
A6168,CRM,<0.02,0.01
A6169,BLK,ND,0.005
A6170,DUP,1.5,
A6171,CRM,<0.02,0.01
A6172,BLK,ND,0.005
A6173,DUP,1.5,
A6174,CRM,<0.02,0.01
A6175,BLK,ND,0.005
A6176,DUP,1.5,
A6177,CRM,<0.02,0.01
A6178,BLK,ND,0.005
A6179,DUP,1.5,
A6180,CRM,<0.02,0.01
A6181,BLK,ND,0.005
A6182,DUP,1.5,
A6183,CRM,<0.02,0.01
A6184,BLK,ND,0.005
A6185,DUP,1.5,
A6186,CRM,<0.02,0.01
A6187,BLK,ND,0.005
A6188,DUP,1.5,
A6189,CRM,<0.02,0.01
A6190,BLK,ND,0.005
A6191,DUP,1.5,
A6192,CRM,<0.02,0.01
A6193,BLK,ND,0.005
A6194,DUP,1.5,
A6195,CRM,<0.02,0.01
A6196,BLK,ND,0.005
A6197,DUP,1.5,
A6198,CRM,<0.02,0.01
A6199,BLK,ND,0.005
A6200,DUP,1.5,
A6201,CRM,<0.02,0.01
A6202,BLK,ND,0.005
A6203,DUP,1.5,
A6204,CRM,<0.02,0.01
A6205,BLK,ND,0.005
A6206,DUP,1.5,
A6207,CRM,<0.02,0.01
A6208,BLK,ND,0.005
A6209,DUP,1.5,
A6210,CRM,<0.02,0.01
A6211,BLK,ND,0.005
A6212,DUP,1.5,
A6213,CRM,<0.02,0.01
A6214,BLK,ND,0.005
A6215,DUP,1.5,
A6216,CRM,<0.02,0.01
A6217,BLK,ND,0.005
A6218,DUP,1.5,
A6219,CRM,<0.02,0.01
A6220,BLK,ND,0.005
A6221,DUP,1.5,
A6222,CRM,<0.02,0.01
A6223,BLK,ND,0.005
A6224,DUP,1.5,
A6225,CRM,<0.02,0.01
A6226,BLK,ND,0.005
A6227,DUP,1.5,
A6228,CRM,<0.02,0.01
A6229,BLK,ND,0.005
A6230,DUP,1.5,
A6231,CRM,<0.02,0.01
A6232,BLK,ND,0.005
A6233,DUP,1.5,
A6234,CRM,<0.02,0.01
A6235,BLK,ND,0.005
A6236,DUP,1.5,
A6237,CRM,<0.02,0.01
A6238,BLK,ND,0.005
A6239,DUP,1.5,
A6240,CRM,<0.02,0.01
A6241,BLK,ND,0.005
A6242,DUP,1.5,
A6243,CRM,<0.02,0.01
A6244,BLK,ND,0.005
A6245,DUP,1.5,
A6246,CRM,<0.02,0.01
A6247,BLK,ND,0.005
A6248,DUP,1.5,
A6249,CRM,<0.02,0.01
A6250,BLK,ND,0.005
A6251,DUP,1.5,
A6252,CRM,<0.02,0.01
A6253,BLK,ND,0.005
A6254,DUP,1.5,
A6255,CRM,<0.02,0.01
A6256,BLK,ND,0.005
A6257,DUP,1.5,
A6258,CRM,<0.02,0.01
A6259,BLK,ND,0.005
A6260,DUP,1.5,
A6261,CRM,<0.02,0.01
A6262,BLK,ND,0.005
A6263,DUP,1.5,
A6264,CRM,<0.02,0.01
A6265,BLK,ND,0.005
A6266,DUP,1.5,
A6267,CRM,<0.02,0.01
A6268,BLK,ND,0.005
A6269,DUP,1.5,
A6270,CRM,<0.02,0.01
A6271,BLK,ND,0.005
A6272,DUP,1.5,
A6273,CRM,<0.02,0.01
A6274,BLK,ND,0.005
A6275,DUP,1.5,
A6276,CRM,<0.02,0.01
A6277,BLK,ND,0.005
A6278,DUP,1.5,
A6279,CRM,<0.02,0.01
A6280,BLK,ND,0.005
A6281,DUP,1.5,
A6282,CRM,<0.02,0.01
A6283,BLK,ND,0.005
A6284,DUP,1.5,
A6285,CRM,<0.02,0.01
A6286,BLK,ND,0.005
A6287,DUP,1.5,
A6288,CRM,<0.02,0.01
A6289,BLK,ND,0.005
A6290,DUP,1.5,
A6291,CRM,<0.02,0.01
A6292,BLK,ND,0.005
A6293,DUP,1.5,
A6294,CRM,<0.02,0.01
A6295,BLK,ND,0.005
A6296,DUP,1.5,
A6297,CRM,<0.02,0.01
A6298,BLK,ND,0.005
A6299,DUP,1.5,
A6300,CRM,<0.02,0.01
A6301,BLK,ND,0.005
A6302,DUP,1.5,
A6303,CRM,<0.02,0.01
A6304,BLK,ND,0.005
A6305,DUP,1.5,
A6306,CRM,<0.02,0.01
A6307,BLK,ND,0.005
A6308,DUP,1.5,
A6309,CRM,<0.02,0.01
A6310,BLK,ND,0.005
A6311,DUP,1.5,
A6312,CRM,<0.02,0.01
A6313,BLK,ND,0.005
A6314,DUP,1.5,
A6315,CRM,<0.02,0.01
A6316,BLK,ND,0.005
A6317,DUP,1.5,
A6318,CRM,<0.02,0.01
A6319,BLK,ND,0.005
A6320,DUP,1.5,
A6321,CRM,<0.02,0.01
A6322,BLK,ND,0.005
A6323,DUP,1.5,
A6324,CRM,<0.02,0.01
A6325,BLK,ND,0.005
A6326,DUP,1.5,
A6327,CRM,<0.02,0.01
A6328,BLK,ND,0.005
A6329,DUP,1.5,
A6330,CRM,<0.02,0.01
A6331,BLK,ND,0.005
A6332,DUP,1.5,
A6333,CRM,<0.02,0.01
A6334,BLK,ND,0.005
A6335,DUP,1.5,
A6336,CRM,<0.02,0.01
A6337,BLK,ND,0.005
A6338,DUP,1.5,
A6339,CRM,<0.02,0.01
A6340,BLK,ND,0.005
A6341,DUP,1.5,
A6342,CRM,<0.02,0.01
A6343,BLK,ND,0.005
A6344,DUP,1.5,
A6345,CRM,<0.02,0.01
A6346,BLK,ND,0.005
A6347,DUP,1.5,
A6348,CRM,<0.02,0.01
A6349,BLK,ND,0.005
A6350,DUP,1.5,
A6351,CRM,<0.02,0.01
A6352,BLK,ND,0.005
A6353,DUP,1.5,
A6354,CRM,<0.02,0.01
A6355,BLK,ND,0.005
A6356,DUP,1.5,
A6357,CRM,<0.02,0.01
A6358,BLK,ND,0.005
A6359,DUP,1.5,
A6360,CRM,<0.02,0.01
A6361,BLK,ND,0.005
A6362,DUP,1.5,
A6363,CRM,<0.02,0.01
A6364,BLK,ND,0.005
A6365,DUP,1.5,
A6366,CRM,<0.02,0.01
A6367,BLK,ND,0.005
A6368,DUP,1.5,
A6369,CRM,<0.02,0.01
A6370,BLK,ND,0.005
A6371,DUP,1.5,
A6372,CRM,<0.02,0.01
A6373,BLK,ND,0.005
A6374,DUP,1.5,
A6375,CRM,<0.02,0.01
A6376,BLK,ND,0.005
A6377,DUP,1.5,
A6378,CRM,<0.02,0.01
A6379,BLK,ND,0.005
A6380,DUP,1.5,
A6381,CRM,<0.02,0.01
A6382,BLK,ND,0.005
A6383,DUP,1.5,
A6384,CRM,<0.02,0.01
A6385,BLK,ND,0.005
A6386,DUP,1.5,
A6387,CRM,<0.02,0.01
A6388,BLK,ND,0.005
A6389,DUP,1.5,
A6390,CRM,<0.02,0.01
A6391,BLK,ND,0.005
A6392,DUP,1.5,
A6393,CRM,<0.02,0.01
A6394,BLK,ND,0.005
A6395,DUP,1.5,
A6396,CRM,<0.02,0.01
A6397,BLK,ND,0.005
A6398,DUP,1.5,
A6399,CRM,<0.02,0.01
A6400,BLK,ND,0.005
A6401,DUP,1.5,
A6402,CRM,<0.02,0.01
A6403,BLK,ND,0.005
A6404,DUP,1.5,
A6405,CRM,<0.02,0.01
A6406,BLK,ND,0.005
A6407,DUP,1.5,
A6408,CRM,<0.02,0.01
A6409,BLK,ND,0.005
A6410,DUP,1.5,
A6411,CRM,<0.02,0.01
A6412,BLK,ND,0.005
A6413,DUP,1.5,
A6414,CRM,<0.02,0.01
A6415,BLK,ND,0.005
A6416,DUP,1.5,
A6417,CRM,<0.02,0.01
A6418,BLK,ND,0.005
A6419,DUP,1.5,
A6420,CRM,<0.02,0.01
A6421,BLK,ND,0.005
A6422,DUP,1.5,
A6423,CRM,<0.02,0.01
A6424,BLK,ND,0.005
A6425,DUP,1.5,
A6426,CRM,<0.02,0.01
A6427,BLK,ND,0.005
A6428,DUP,1.5,
A6429,CRM,<0.02,0.01
A6430,BLK,ND,0.005
A6431,DUP,1.5,
A6432,CRM,<0.02,0.01
A6433,BLK,ND,0.005
A6434,DUP,1.5,
A6435,CRM,<0.02,0.01
A6436,BLK,ND,0.005
A6437,DUP,1.5,
A6438,CRM,<0.02,0.01
A6439,BLK,ND,0.005
A6440,DUP,1.5,
A6441,CRM,<0.02,0.01
A6442,BLK,ND,0.005
A6443,DUP,1.5,
A6444,CRM,<0.02,0.01
A6445,BLK,ND,0.005
A6446,DUP,1.5,
A6447,CRM,<0.02,0.01
A6448,BLK,ND,0.005
A6449,DUP,1.5,
A6450,CRM,<0.02,0.01
A6451,BLK,ND,0.005
A6452,DUP,1.5,
A6453,CRM,<0.02,0.01
A6454,BLK,ND,0.005
A6455,DUP,1.5,
A6456,CRM,<0.02,0.01
A6457,BLK,ND,0.005
A6458,DUP,1.5,
A6459,CRM,<0.02,0.01
A6460,BLK,ND,0.005
A6461,DUP,1.5,
A6462,CRM,<0.02,0.01
A6463,BLK,ND,0.005
A6464,DUP,1.5,
A6465,CRM,<0.02,0.01
A6466,BLK,ND,0.005
A6467,DUP,1.5,
A6468,CRM,<0.02,0.01
A6469,BLK,ND,0.005
A6470,DUP,1.5,
A6471,CRM,<0.02,0.01
A6472,BLK,ND,0.005
A6473,DUP,1.5,
A6474,CRM,<0.02,0.01
A6475,BLK,ND,0.005
A6476,DUP,1.5,
A6477,CRM,<0.02,0.01
A6478,BLK,ND,0.005
A6479,DUP,1.5,
A6480,CRM,<0.02,0.01
A6481,BLK,ND,0.005
A6482,DUP,1.5,
A6483,CRM,<0.02,0.01
A6484,BLK,ND,0.005
A6485,DUP,1.5,
A6486,CRM,<0.02,0.01
A6487,BLK,ND,0.005
A6488,DUP,1.5,
A6489,CRM,<0.02,0.01
A6490,BLK,ND,0.005
A6491,DUP,1.5,
A6492,CRM,<0.02,0.01
A6493,BLK,ND,0.005
A6494,DUP,1.5,
A6495,CRM,<0.02,0.01
A6496,BLK,ND,0.005
A6497,DUP,1.5,
A6498,CRM,<0.02,0.01
A6499,BLK,ND,0.005
A6500,DUP,1.5,
A6501,CRM,<0.02,0.01
A6502,BLK,ND,0.005
A6503,DUP,1.5,
A6504,CRM,<0.02,0.01
A6505,BLK,ND,0.005
A6506,DUP,1.5,
A6507,CRM,<0.02,0.01
A6508,BLK,ND,0.005
A6509,DUP,1.5,
A6510,CRM,<0.02,0.01
A6511,BLK,ND,0.005
A6512,DUP,1.5,
A6513,CRM,<0.02,0.01
A6514,BLK,ND,0.005
A6515,DUP,1.5,
A6516,CRM,<0.02,0.01
A6517,BLK,ND,0.005
A6518,DUP,1.5,
A6519,CRM,<0.02,0.01
A6520,BLK,ND,0.005
A6521,DUP,1.5,
A6522,CRM,<0.02,0.01
A6523,BLK,ND,0.005
A6524,DUP,1.5,
A6525,CRM,<0.02,0.01
A6526,BLK,ND,0.005
A6527,DUP,1.5,
A6528,CRM,<0.02,0.01
A6529,BLK,ND,0.005
A6530,DUP,1.5,
A6531,CRM,<0.02,0.01
A6532,BLK,ND,0.005
A6533,DUP,1.5,
A6534,CRM,<0.02,0.01
A6535,BLK,ND,0.005
A6536,DUP,1.5,
A6537,CRM,<0.02,0.01
A6538,BLK,ND,0.005
A6539,DUP,1.5,
A6540,CRM,<0.02,0.01
A6541,BLK,ND,0.005
A6542,DUP,1.5,
A6543,CRM,<0.02,0.01
A6544,BLK,ND,0.005
A6545,DUP,1.5,
A6546,CRM,<0.02,0.01
A6547,BLK,ND,0.005
A6548,DUP,1.5,
A6549,CRM,<0.02,0.01
A6550,BLK,ND,0.005
A6551,DUP,1.5,
A6552,CRM,<0.02,0.01
A6553,BLK,ND,0.005
A6554,DUP,1.5,
A6555,CRM,<0.02,0.01
A6556,BLK,ND,0.005
A6557,DUP,1.5,
A6558,CRM,<0.02,0.01
A6559,BLK,ND,0.005
A6560,DUP,1.5,
A6561,CRM,<0.02,0.01
A6562,BLK,ND,0.005
A6563,DUP,1.5,
A6564,CRM,<0.02,0.01
A6565,BLK,ND,0.005
A6566,DUP,1.5,
A6567,CRM,<0.02,0.01
A6568,BLK,ND,0.005
A6569,DUP,1.5,
A6570,CRM,<0.02,0.01
A6571,BLK,ND,0.005
A6572,DUP,1.5,
A6573,CRM,<0.02,0.01
A6574,BLK,ND,0.005
A6575,DUP,1.5,
A6576,CRM,<0.02,0.01
A6577,BLK,ND,0.005
A6578,DUP,1.5,
A6579,CRM,<0.02,0.01
A6580,BLK,ND,0.005
A6581,DUP,1.5,
A6582,CRM,<0.02,0.01
A6583,BLK,ND,0.005
A6584,DUP,1.5,
A6585,CRM,<0.02,0.01
A6586,BLK,ND,0.005
A6587,DUP,1.5,
A6588,CRM,<0.02,0.01
A6589,BLK,ND,0.005
A6590,DUP,1.5,
A6591,CRM,<0.02,0.01
A6592,BLK,ND,0.005
A6593,DUP,1.5,
A6594,CRM,<0.02,0.01
A6595,BLK,ND,0.005
A6596,DUP,1.5,
A6597,CRM,<0.02,0.01
A6598,BLK,ND,0.005
A6599,DUP,1.5,
A6600,CRM,<0.02,0.01
A6601,BLK,ND,0.005
A6602,DUP,1.5,
A6603,CRM,<0.02,0.01
A6604,BLK,ND,0.005
A6605,DUP,1.5,
A6606,CRM,<0.02,0.01
A6607,BLK,ND,0.005
A6608,DUP,1.5,
A6609,CRM,<0.02,0.01
A6610,BLK,ND,0.005
A6611,DUP,1.5,
A6612,CRM,<0.02,0.01
A6613,BLK,ND,0.005
A6614,DUP,1.5,
A6615,CRM,<0.02,0.01
A6616,BLK,ND,0.005
A6617,DUP,1.5,
A6618,CRM,<0.02,0.01
A6619,BLK,ND,0.005
A6620,DUP,1.5,
A6621,CRM,<0.02,0.01
A6622,BLK,ND,0.005
A6623,DUP,1.5,
A6624,CRM,<0.02,0.01
A6625,BLK,ND,0.005
A6626,DUP,1.5,
A6627,CRM,<0.02,0.01
A6628,BLK,ND,0.005
A6629,DUP,1.5,
A6630,CRM,<0.02,0.01
A6631,BLK,ND,0.005
A6632,DUP,1.5,
A6633,CRM,<0.02,0.01
A6634,BLK,ND,0.005
A6635,DUP,1.5,
A6636,CRM,<0.02,0.01
A6637,BLK,ND,0.005
A6638,DUP,1.5,
A6639,CRM,<0.02,0.01
A6640,BLK,ND,0.005
A6641,DUP,1.5,
A6642,CRM,<0.02,0.01
A6643,BLK,ND,0.005
A6644,DUP,1.5,
A6645,CRM,<0.02,0.01
A6646,BLK,ND,0.005
A6647,DUP,1.5,
A6648,CRM,<0.02,0.01
A6649,BLK,ND,0.005
A6650,DUP,1.5,
A6651,CRM,<0.02,0.01
A6652,BLK,ND,0.005
A6653,DUP,1.5,
A6654,CRM,<0.02,0.01
A6655,BLK,ND,0.005
A6656,DUP,1.5,
A6657,CRM,<0.02,0.01
A6658,BLK,ND,0.005
A6659,DUP,1.5,
A6660,CRM,<0.02,0.01
A6661,BLK,ND,0.005
A6662,DUP,1.5,
A6663,CRM,<0.02,0.01
A6664,BLK,ND,0.005
A6665,DUP,1.5,
A6666,CRM,<0.02,0.01
A6667,BLK,ND,0.005
A6668,DUP,1.5,
A6669,CRM,<0.02,0.01
A6670,BLK,ND,0.005
A6671,DUP,1.5,
A6672,CRM,<0.02,0.01
A6673,BLK,ND,0.005
A6674,DUP,1.5,
A6675,CRM,<0.02,0.01
A6676,BLK,ND,0.005
A6677,DUP,1.5,
A6678,CRM,<0.02,0.01
A6679,BLK,ND,0.005
A6680,DUP,1.5,
A6681,CRM,<0.02,0.01
A6682,BLK,ND,0.005
A6683,DUP,1.5,
A6684,CRM,<0.02,0.01
A6685,BLK,ND,0.005
A6686,DUP,1.5,
A6687,CRM,<0.02,0.01
A6688,BLK,ND,0.005
A6689,DUP,1.5,
A6690,CRM,<0.02,0.01
A6691,BLK,ND,0.005
A6692,DUP,1.5,
A6693,CRM,<0.02,0.01
A6694,BLK,ND,0.005
A6695,DUP,1.5,
A6696,CRM,<0.02,0.01
A6697,BLK,ND,0.005
A6698,DUP,1.5,
A6699,CRM,<0.02,0.01
A6700,BLK,ND,0.005
A6701,DUP,1.5,
A6702,CRM,<0.02,0.01
A6703,BLK,ND,0.005
A6704,DUP,1.5,
A6705,CRM,<0.02,0.01
A6706,BLK,ND,0.005
A6707,DUP,1.5,
A6708,CRM,<0.02,0.01
A6709,BLK,ND,0.005
A6710,DUP,1.5,
A6711,CRM,<0.02,0.01
A6712,BLK,ND,0.005
A6713,DUP,1.5,
A6714,CRM,<0.02,0.01
A6715,BLK,ND,0.005
A6716,DUP,1.5,
A6717,CRM,<0.02,0.01
A6718,BLK,ND,0.005
A6719,DUP,1.5,
A6720,CRM,<0.02,0.01
A6721,BLK,ND,0.005
A6722,DUP,1.5,
A6723,CRM,<0.02,0.01
A6724,BLK,ND,0.005
A6725,DUP,1.5,
A6726,CRM,<0.02,0.01
A6727,BLK,ND,0.005
A6728,DUP,1.5,
A6729,CRM,<0.02,0.01
A6730,BLK,ND,0.005
A6731,DUP,1.5,
A6732,CRM,<0.02,0.01
A6733,BLK,ND,0.005
A6734,DUP,1.5,
A6735,CRM,<0.02,0.01
A6736,BLK,ND,0.005
A6737,DUP,1.5,
A6738,CRM,<0.02,0.01
A6739,BLK,ND,0.005
A6740,DUP,1.5,
A6741,CRM,<0.02,0.01
A6742,BLK,ND,0.005
A6743,DUP,1.5,
A6744,CRM,<0.02,0.01
A6745,BLK,ND,0.005
A6746,DUP,1.5,
A6747,CRM,<0.02,0.01
A6748,BLK,ND,0.005
A6749,DUP,1.5,
A6750,CRM,<0.02,0.01
A6751,BLK,ND,0.005
A6752,DUP,1.5,
A6753,CRM,<0.02,0.01
A6754,BLK,ND,0.005
A6755,DUP,1.5,
A6756,CRM,<0.02,0.01
A6757,BLK,ND,0.005
A6758,DUP,1.5,
A6759,CRM,<0.02,0.01
A6760,BLK,ND,0.005
A6761,DUP,1.5,
A6762,CRM,<0.02,0.01
A6763,BLK,ND,0.005
A6764,DUP,1.5,
A6765,CRM,<0.02,0.01
A6766,BLK,ND,0.005
A6767,DUP,1.5,
A6768,CRM,<0.02,0.01
A6769,BLK,ND,0.005
A6770,DUP,1.5,
A6771,CRM,<0.02,0.01
A6772,BLK,ND,0.005
A6773,DUP,1.5,
A6774,CRM,<0.02,0.01
A6775,BLK,ND,0.005
A6776,DUP,1.5,
A6777,CRM,<0.02,0.01
A6778,BLK,ND,0.005
A6779,DUP,1.5,
A6780,CRM,<0.02,0.01
A6781,BLK,ND,0.005
A6782,DUP,1.5,
A6783,CRM,<0.02,0.01
A6784,BLK,ND,0.005
A6785,DUP,1.5,
A6786,CRM,<0.02,0.01
A6787,BLK,ND,0.005
A6788,DUP,1.5,
A6789,CRM,<0.02,0.01
A6790,BLK,ND,0.005
A6791,DUP,1.5,
A6792,CRM,<0.02,0.01
A6793,BLK,ND,0.005
A6794,DUP,1.5,
A6795,CRM,<0.02,0.01
A6796,BLK,ND,0.005
A6797,DUP,1.5,
A6798,CRM,<0.02,0.01
A6799,BLK,ND,0.005
A6800,DUP,1.5,
A6801,CRM,<0.02,0.01
A6802,BLK,ND,0.005
A6803,DUP,1.5,
A6804,CRM,<0.02,0.01
A6805,BLK,ND,0.005
A6806,DUP,1.5,
A6807,CRM,<0.02,0.01
A6808,BLK,ND,0.005
A6809,DUP,1.5,
A6810,CRM,<0.02,0.01
A6811,BLK,ND,0.005
A6812,DUP,1.5,
A6813,CRM,<0.02,0.01
A6814,BLK,ND,0.005
A6815,DUP,1.5,
A6816,CRM,<0.02,0.01
A6817,BLK,ND,0.005
A6818,DUP,1.5,
A6819,CRM,<0.02,0.01
A6820,BLK,ND,0.005
A6821,DUP,1.5,
A6822,CRM,<0.02,0.01
A6823,BLK,ND,0.005
A6824,DUP,1.5,
A6825,CRM,<0.02,0.01
A6826,BLK,ND,0.005
A6827,DUP,1.5,
A6828,CRM,<0.02,0.01
A6829,BLK,ND,0.005
A6830,DUP,1.5,
A6831,CRM,<0.02,0.01
A6832,BLK,ND,0.005
A6833,DUP,1.5,
A6834,CRM,<0.02,0.01
A6835,BLK,ND,0.005
A6836,DUP,1.5,
A6837,CRM,<0.02,0.01
A6838,BLK,ND,0.005
A6839,DUP,1.5,
A6840,CRM,<0.02,0.01
A6841,BLK,ND,0.005
A6842,DUP,1.5,
A6843,CRM,<0.02,0.01
A6844,BLK,ND,0.005
A6845,DUP,1.5,
A6846,CRM,<0.02,0.01
A6847,BLK,ND,0.005
A6848,DUP,1.5,
A6849,CRM,<0.02,0.01
A6850,BLK,ND,0.005
A6851,DUP,1.5,
A6852,CRM,<0.02,0.01
A6853,BLK,ND,0.005
A6854,DUP,1.5,
A6855,CRM,<0.02,0.01
A6856,BLK,ND,0.005
A6857,DUP,1.5,
A6858,CRM,<0.02,0.01
A6859,BLK,ND,0.005
A6860,DUP,1.5,
A6861,CRM,<0.02,0.01
A6862,BLK,ND,0.005
A6863,DUP,1.5,
A6864,CRM,<0.02,0.01
A6865,BLK,ND,0.005
A6866,DUP,1.5,
A6867,CRM,<0.02,0.01
A6868,BLK,ND,0.005
A6869,DUP,1.5,
A6870,CRM,<0.02,0.01
A6871,BLK,ND,0.005
A6872,DUP,1.5,
A6873,CRM,<0.02,0.01
A6874,BLK,ND,0.005
A6875,DUP,1.5,
A6876,CRM,<0.02,0.01
A6877,BLK,ND,0.005
A6878,DUP,1.5,
A6879,CRM,<0.02,0.01
A6880,BLK,ND,0.005
A6881,DUP,1.5,
A6882,CRM,<0.02,0.01
A6883,BLK,ND,0.005
A6884,DUP,1.5,
A6885,CRM,<0.02,0.01
A6886,BLK,ND,0.005
A6887,DUP,1.5,
A6888,CRM,<0.02,0.01
A6889,BLK,ND,0.005
A6890,DUP,1.5,
A6891,CRM,<0.02,0.01
A6892,BLK,ND,0.005
A6893,DUP,1.5,
A6894,CRM,<0.02,0.01
A6895,BLK,ND,0.005
A6896,DUP,1.5,
A6897,CRM,<0.02,0.01
A6898,BLK,ND,0.005
A6899,DUP,1.5,
A6900,CRM,<0.02,0.01
A6901,BLK,ND,0.005
A6902,DUP,1.5,
A6903,CRM,<0.02,0.01
A6904,BLK,ND,0.005
A6905,DUP,1.5,
A6906,CRM,<0.02,0.01
A6907,BLK,ND,0.005
A6908,DUP,1.5,
A6909,CRM,<0.02,0.01
A6910,BLK,ND,0.005
A6911,DUP,1.5,
A6912,CRM,<0.02,0.01
A6913,BLK,ND,0.005
A6914,DUP,1.5,
A6915,CRM,<0.02,0.01
A6916,BLK,ND,0.005
A6917,DUP,1.5,
A6918,CRM,<0.02,0.01
A6919,BLK,ND,0.005
A6920,DUP,1.5,
A6921,CRM,<0.02,0.01
A6922,BLK,ND,0.005
A6923,DUP,1.5,
A6924,CRM,<0.02,0.01
A6925,BLK,ND,0.005
A6926,DUP,1.5,
A6927,CRM,<0.02,0.01
A6928,BLK,ND,0.005
A6929,DUP,1.5,
A6930,CRM,<0.02,0.01
A6931,BLK,ND,0.005
A6932,DUP,1.5,
A6933,CRM,<0.02,0.01
A6934,BLK,ND,0.005
A6935,DUP,1.5,
A6936,CRM,<0.02,0.01
A6937,BLK,ND,0.005
A6938,DUP,1.5,
A6939,CRM,<0.02,0.01
A6940,BLK,ND,0.005
A6941,DUP,1.5,
A6942,CRM,<0.02,0.01
A6943,BLK,ND,0.005
A6944,DUP,1.5,
A6945,CRM,<0.02,0.01
A6946,BLK,ND,0.005
A6947,DUP,1.5,
A6948,CRM,<0.02,0.01
A6949,BLK,ND,0.005
A6950,DUP,1.5,
A6951,CRM,<0.02,0.01
A6952,BLK,ND,0.005
A6953,DUP,1.5,
A6954,CRM,<0.02,0.01
A6955,BLK,ND,0.005
A6956,DUP,1.5,
A6957,CRM,<0.02,0.01
A6958,BLK,ND,0.005
A6959,DUP,1.5,
A6960,CRM,<0.02,0.01
A6961,BLK,ND,0.005
A6962,DUP,1.5,
A6963,CRM,<0.02,0.01
A6964,BLK,ND,0.005
A6965,DUP,1.5,
A6966,CRM,<0.02,0.01
A6967,BLK,ND,0.005
A6968,DUP,1.5,
A6969,CRM,<0.02,0.01
A6970,BLK,ND,0.005
A6971,DUP,1.5,
A6972,CRM,<0.02,0.01
A6973,BLK,ND,0.005
A6974,DUP,1.5,
A6975,CRM,<0.02,0.01
A6976,BLK,ND,0.005
A6977,DUP,1.5,
A6978,CRM,<0.02,0.01
A6979,BLK,ND,0.005
A6980,DUP,1.5,
A6981,CRM,<0.02,0.01
A6982,BLK,ND,0.005
A6983,DUP,1.5,
A6984,CRM,<0.02,0.01
A6985,BLK,ND,0.005
A6986,DUP,1.5,
A6987,CRM,<0.02,0.01
A6988,BLK,ND,0.005
A6989,DUP,1.5,
A6990,CRM,<0.02,0.01
A6991,BLK,ND,0.005
A6992,DUP,1.5,
A6993,CRM,<0.02,0.01
A6994,BLK,ND,0.005
A6995,DUP,1.5,
A6996,CRM,<0.02,0.01
A6997,BLK,ND,0.005
A6998,DUP,1.5,
A6999,CRM,<0.02,0.01
A7000,BLK,ND,0.005
A7001,DUP,1.5,
A7002,CRM,<0.02,0.01
A7003,BLK,ND,0.005
A7004,DUP,1.5,
A7005,CRM,<0.02,0.01
A7006,BLK,ND,0.005
A7007,DUP,1.5,
A7008,CRM,<0.02,0.01
A7009,BLK,ND,0.005
A7010,DUP,1.5,
A7011,CRM,<0.02,0.01
A7012,BLK,ND,0.005
A7013,DUP,1.5,
A7014,CRM,<0.02,0.01
A7015,BLK,ND,0.005
A7016,DUP,1.5,
A7017,CRM,<0.02,0.01
A7018,BLK,ND,0.005
A7019,DUP,1.5,
A7020,CRM,<0.02,0.01
A7021,BLK,ND,0.005
A7022,DUP,1.5,
A7023,CRM,<0.02,0.01
A7024,BLK,ND,0.005
A7025,DUP,1.5,
A7026,CRM,<0.02,0.01
A7027,BLK,ND,0.005
A7028,DUP,1.5,
A7029,CRM,<0.02,0.01
A7030,BLK,ND,0.005
A7031,DUP,1.5,
A7032,CRM,<0.02,0.01
A7033,BLK,ND,0.005
A7034,DUP,1.5,
A7035,CRM,<0.02,0.01
A7036,BLK,ND,0.005
A7037,DUP,1.5,
A7038,CRM,<0.02,0.01
A7039,BLK,ND,0.005
A7040,DUP,1.5,
A7041,CRM,<0.02,0.01
A7042,BLK,ND,0.005
A7043,DUP,1.5,
A7044,CRM,<0.02,0.01
A7045,BLK,ND,0.005
A7046,DUP,1.5,
A7047,CRM,<0.02,0.01
A7048,BLK,ND,0.005
A7049,DUP,1.5,
A7050,CRM,<0.02,0.01
A7051,BLK,ND,0.005
A7052,DUP,1.5,
A7053,CRM,<0.02,0.01
A7054,BLK,ND,0.005
A7055,DUP,1.5,
A7056,CRM,<0.02,0.01
A7057,BLK,ND,0.005
A7058,DUP,1.5,
A7059,CRM,<0.02,0.01
A7060,BLK,ND,0.005
A7061,DUP,1.5,
A7062,CRM,<0.02,0.01
A7063,BLK,ND,0.005
A7064,DUP,1.5,
A7065,CRM,<0.02,0.01
A7066,BLK,ND,0.005
A7067,DUP,1.5,
A7068,CRM,<0.02,0.01
A7069,BLK,ND,0.005
A7070,DUP,1.5,
A7071,CRM,<0.02,0.01
A7072,BLK,ND,0.005
A7073,DUP,1.5,
A7074,CRM,<0.02,0.01
A7075,BLK,ND,0.005
A7076,DUP,1.5,
A7077,CRM,<0.02,0.01
A7078,BLK,ND,0.005
A7079,DUP,1.5,
A7080,CRM,<0.02,0.01
A7081,BLK,ND,0.005
A7082,DUP,1.5,
A7083,CRM,<0.02,0.01
A7084,BLK,ND,0.005
A7085,DUP,1.5,
A7086,CRM,<0.02,0.01
A7087,BLK,ND,0.005
A7088,DUP,1.5,
A7089,CRM,<0.02,0.01
A7090,BLK,ND,0.005
A7091,DUP,1.5,
A7092,CRM,<0.02,0.01
A7093,BLK,ND,0.005
A7094,DUP,1.5,
A7095,CRM,<0.02,0.01
A7096,BLK,ND,0.005
A7097,DUP,1.5,
A7098,CRM,<0.02,0.01
A7099,BLK,ND,0.005
A7100,DUP,1.5,
A7101,CRM,<0.02,0.01
A7102,BLK,ND,0.005
A7103,DUP,1.5,
A7104,CRM,<0.02,0.01
A7105,BLK,ND,0.005
A7106,DUP,1.5,
A7107,CRM,<0.02,0.01
A7108,BLK,ND,0.005
A7109,DUP,1.5,
A7110,CRM,<0.02,0.01
A7111,BLK,ND,0.005
A7112,DUP,1.5,
A7113,CRM,<0.02,0.01
A7114,BLK,ND,0.005
A7115,DUP,1.5,
A7116,CRM,<0.02,0.01
A7117,BLK,ND,0.005
A7118,DUP,1.5,
A7119,CRM,<0.02,0.01
A7120,BLK,ND,0.005
A7121,DUP,1.5,
A7122,CRM,<0.02,0.01
A7123,BLK,ND,0.005
A7124,DUP,1.5,
A7125,CRM,<0.02,0.01
A7126,BLK,ND,0.005
A7127,DUP,1.5,
A7128,CRM,<0.02,0.01
A7129,BLK,ND,0.005
A7130,DUP,1.5,
A7131,CRM,<0.02,0.01
A7132,BLK,ND,0.005
A7133,DUP,1.5,
A7134,CRM,<0.02,0.01
A7135,BLK,ND,0.005
A7136,DUP,1.5,
A7137,CRM,<0.02,0.01
A7138,BLK,ND,0.005
A7139,DUP,1.5,
A7140,CRM,<0.02,0.01
A7141,BLK,ND,0.005
A7142,DUP,1.5,
A7143,CRM,<0.02,0.01
A7144,BLK,ND,0.005
A7145,DUP,1.5,
A7146,CRM,<0.02,0.01
A7147,BLK,ND,0.005
A7148,DUP,1.5,
A7149,CRM,<0.02,0.01
A7150,BLK,ND,0.005
A7151,DUP,1.5,
A7152,CRM,<0.02,0.01
A7153,BLK,ND,0.005
A7154,DUP,1.5,
A7155,CRM,<0.02,0.01
A7156,BLK,ND,0.005
A7157,DUP,1.5,
A7158,CRM,<0.02,0.01
A7159,BLK,ND,0.005
A7160,DUP,1.5,
A7161,CRM,<0.02,0.01
A7162,BLK,ND,0.005
A7163,DUP,1.5,
A7164,CRM,<0.02,0.01
A7165,BLK,ND,0.005
A7166,DUP,1.5,
A7167,CRM,<0.02,0.01
A7168,BLK,ND,0.005
A7169,DUP,1.5,
A7170,CRM,<0.02,0.01
A7171,BLK,ND,0.005
A7172,DUP,1.5,
A7173,CRM,<0.02,0.01
A7174,BLK,ND,0.005
A7175,DUP,1.5,
A7176,CRM,<0.02,0.01
A7177,BLK,ND,0.005
A7178,DUP,1.5,
A7179,CRM,<0.02,0.01
A7180,BLK,ND,0.005
A7181,DUP,1.5,
A7182,CRM,<0.02,0.01
A7183,BLK,ND,0.005
A7184,DUP,1.5,
A7185,CRM,<0.02,0.01
A7186,BLK,ND,0.005
A7187,DUP,1.5,
A7188,CRM,<0.02,0.01
A7189,BLK,ND,0.005
A7190,DUP,1.5,
A7191,CRM,<0.02,0.01
A7192,BLK,ND,0.005
A7193,DUP,1.5,
A7194,CRM,<0.02,0.01
A7195,BLK,ND,0.005
A7196,DUP,1.5,
A7197,CRM,<0.02,0.01
A7198,BLK,ND,0.005
A7199,DUP,1.5,
A7200,CRM,<0.02,0.01
A7201,BLK,ND,0.005
A7202,DUP,1.5,
A7203,CRM,<0.02,0.01
A7204,BLK,ND,0.005
A7205,DUP,1.5,
A7206,CRM,<0.02,0.01
A7207,BLK,ND,0.005
A7208,DUP,1.5,
A7209,CRM,<0.02,0.01
A7210,BLK,ND,0.005
A7211,DUP,1.5,
A7212,CRM,<0.02,0.01
A7213,BLK,ND,0.005
A7214,DUP,1.5,
A7215,CRM,<0.02,0.01
A7216,BLK,ND,0.005
A7217,DUP,1.5,
A7218,CRM,<0.02,0.01
A7219,BLK,ND,0.005
A7220,DUP,1.5,
A7221,CRM,<0.02,0.01
A7222,BLK,ND,0.005
A7223,DUP,1.5,
A7224,CRM,<0.02,0.01
A7225,BLK,ND,0.005
A7226,DUP,1.5,
A7227,CRM,<0.02,0.01
A7228,BLK,ND,0.005
A7229,DUP,1.5,
A7230,CRM,<0.02,0.01
A7231,BLK,ND,0.005
A7232,DUP,1.5,
A7233,CRM,<0.02,0.01
A7234,BLK,ND,0.005
A7235,DUP,1.5,
A7236,CRM,<0.02,0.01
A7237,BLK,ND,0.005
A7238,DUP,1.5,
A7239,CRM,<0.02,0.01
A7240,BLK,ND,0.005
A7241,DUP,1.5,
A7242,CRM,<0.02,0.01
A7243,BLK,ND,0.005
A7244,DUP,1.5,
A7245,CRM,<0.02,0.01
A7246,BLK,ND,0.005
A7247,DUP,1.5,
A7248,CRM,<0.02,0.01
A7249,BLK,ND,0.005
A7250,DUP,1.5,
A7251,CRM,<0.02,0.01
A7252,BLK,ND,0.005
A7253,DUP,1.5,
A7254,CRM,<0.02,0.01
A7255,BLK,ND,0.005
A7256,DUP,1.5,
A7257,CRM,<0.02,0.01
A7258,BLK,ND,0.005
A7259,DUP,1.5,
A7260,CRM,<0.02,0.01
A7261,BLK,ND,0.005
A7262,DUP,1.5,
A7263,CRM,<0.02,0.01
A7264,BLK,ND,0.005
A7265,DUP,1.5,
A7266,CRM,<0.02,0.01
A7267,BLK,ND,0.005
A7268,DUP,1.5,
A7269,CRM,<0.02,0.01
A7270,BLK,ND,0.005
A7271,DUP,1.5,
A7272,CRM,<0.02,0.01
A7273,BLK,ND,0.005
A7274,DUP,1.5,
A7275,CRM,<0.02,0.01
A7276,BLK,ND,0.005
A7277,DUP,1.5,
A7278,CRM,<0.02,0.01
A7279,BLK,ND,0.005
A7280,DUP,1.5,
A7281,CRM,<0.02,0.01
A7282,BLK,ND,0.005
A7283,DUP,1.5,
A7284,CRM,<0.02,0.01
A7285,BLK,ND,0.005
A7286,DUP,1.5,
A7287,CRM,<0.02,0.01
A7288,BLK,ND,0.005
A7289,DUP,1.5,
A7290,CRM,<0.02,0.01
A7291,BLK,ND,0.005
A7292,DUP,1.5,
A7293,CRM,<0.02,0.01
A7294,BLK,ND,0.005
A7295,DUP,1.5,
A7296,CRM,<0.02,0.01
A7297,BLK,ND,0.005
A7298,DUP,1.5,
A7299,CRM,<0.02,0.01
A7300,BLK,ND,0.005
A7301,DUP,1.5,
A7302,CRM,<0.02,0.01
A7303,BLK,ND,0.005
A7304,DUP,1.5,
A7305,CRM,<0.02,0.01
A7306,BLK,ND,0.005
A7307,DUP,1.5,
A7308,CRM,<0.02,0.01
A7309,BLK,ND,0.005
A7310,DUP,1.5,
A7311,CRM,<0.02,0.01
A7312,BLK,ND,0.005
A7313,DUP,1.5,
A7314,CRM,<0.02,0.01
A7315,BLK,ND,0.005
A7316,DUP,1.5,
A7317,CRM,<0.02,0.01
A7318,BLK,ND,0.005
A7319,DUP,1.5,
A7320,CRM,<0.02,0.01
A7321,BLK,ND,0.005
A7322,DUP,1.5,
A7323,CRM,<0.02,0.01
A7324,BLK,ND,0.005
A7325,DUP,1.5,
A7326,CRM,<0.02,0.01
A7327,BLK,ND,0.005
A7328,DUP,1.5,
A7329,CRM,<0.02,0.01
A7330,BLK,ND,0.005
A7331,DUP,1.5,
A7332,CRM,<0.02,0.01
A7333,BLK,ND,0.005
A7334,DUP,1.5,
A7335,CRM,<0.02,0.01
A7336,BLK,ND,0.005
A7337,DUP,1.5,
A7338,CRM,<0.02,0.01
A7339,BLK,ND,0.005
A7340,DUP,1.5,
A7341,CRM,<0.02,0.01
A7342,BLK,ND,0.005
A7343,DUP,1.5,
A7344,CRM,<0.02,0.01
A7345,BLK,ND,0.005
A7346,DUP,1.5,
A7347,CRM,<0.02,0.01
A7348,BLK,ND,0.005
A7349,DUP,1.5,
A7350,CRM,<0.02,0.01
A7351,BLK,ND,0.005
A7352,DUP,1.5,
A7353,CRM,<0.02,0.01
A7354,BLK,ND,0.005
A7355,DUP,1.5,
A7356,CRM,<0.02,0.01
A7357,BLK,ND,0.005
A7358,DUP,1.5,
A7359,CRM,<0.02,0.01
A7360,BLK,ND,0.005
A7361,DUP,1.5,
A7362,CRM,<0.02,0.01
A7363,BLK,ND,0.005
A7364,DUP,1.5,
A7365,CRM,<0.02,0.01
A7366,BLK,ND,0.005
A7367,DUP,1.5,
A7368,CRM,<0.02,0.01
A7369,BLK,ND,0.005
A7370,DUP,1.5,
A7371,CRM,<0.02,0.01
A7372,BLK,ND,0.005
A7373,DUP,1.5,
A7374,CRM,<0.02,0.01
A7375,BLK,ND,0.005
A7376,DUP,1.5,
A7377,CRM,<0.02,0.01
A7378,BLK,ND,0.005
A7379,DUP,1.5,
A7380,CRM,<0.02,0.01
A7381,BLK,ND,0.005
A7382,DUP,1.5,
A7383,CRM,<0.02,0.01
A7384,BLK,ND,0.005
A7385,DUP,1.5,
A7386,CRM,<0.02,0.01
A7387,BLK,ND,0.005
A7388,DUP,1.5,
A7389,CRM,<0.02,0.01
A7390,BLK,ND,0.005
A7391,DUP,1.5,
A7392,CRM,<0.02,0.01
A7393,BLK,ND,0.005
A7394,DUP,1.5,
A7395,CRM,<0.02,0.01
A7396,BLK,ND,0.005
A7397,DUP,1.5,
A7398,CRM,<0.02,0.01
A7399,BLK,ND,0.005
A7400,DUP,1.5,
A7401,CRM,<0.02,0.01
A7402,BLK,ND,0.005
A7403,DUP,1.5,
A7404,CRM,<0.02,0.01
A7405,BLK,ND,0.005
A7406,DUP,1.5,
A7407,CRM,<0.02,0.01
A7408,BLK,ND,0.005
A7409,DUP,1.5,
A7410,CRM,<0.02,0.01
A7411,BLK,ND,0.005
A7412,DUP,1.5,
A7413,CRM,<0.02,0.01
A7414,BLK,ND,0.005
A7415,DUP,1.5,
A7416,CRM,<0.02,0.01
A7417,BLK,ND,0.005
A7418,DUP,1.5,
A7419,CRM,<0.02,0.01
A7420,BLK,ND,0.005
A7421,DUP,1.5,
A7422,CRM,<0.02,0.01
A7423,BLK,ND,0.005
A7424,DUP,1.5,
A7425,CRM,<0.02,0.01
A7426,BLK,ND,0.005
A7427,DUP,1.5,
A7428,CRM,<0.02,0.01
A7429,BLK,ND,0.005
A7430,DUP,1.5,
A7431,CRM,<0.02,0.01
A7432,BLK,ND,0.005
A7433,DUP,1.5,
A7434,CRM,<0.02,0.01
A7435,BLK,ND,0.005
A7436,DUP,1.5,
A7437,CRM,<0.02,0.01
A7438,BLK,ND,0.005
A7439,DUP,1.5,
A7440,CRM,<0.02,0.01
A7441,BLK,ND,0.005
A7442,DUP,1.5,
A7443,CRM,<0.02,0.01
A7444,BLK,ND,0.005
A7445,DUP,1.5,
A7446,CRM,<0.02,0.01
A7447,BLK,ND,0.005
A7448,DUP,1.5,
A7449,CRM,<0.02,0.01
A7450,BLK,ND,0.005
A7451,DUP,1.5,
A7452,CRM,<0.02,0.01
A7453,BLK,ND,0.005
A7454,DUP,1.5,
A7455,CRM,<0.02,0.01
A7456,BLK,ND,0.005
A7457,DUP,1.5,
A7458,CRM,<0.02,0.01
A7459,BLK,ND,0.005
A7460,DUP,1.5,
A7461,CRM,<0.02,0.01
A7462,BLK,ND,0.005
A7463,DUP,1.5,
A7464,CRM,<0.02,0.01
A7465,BLK,ND,0.005
A7466,DUP,1.5,
A7467,CRM,<0.02,0.01
A7468,BLK,ND,0.005
A7469,DUP,1.5,
A7470,CRM,<0.02,0.01
A7471,BLK,ND,0.005
A7472,DUP,1.5,
A7473,CRM,<0.02,0.01
A7474,BLK,ND,0.005
A7475,DUP,1.5,
A7476,CRM,<0.02,0.01
A7477,BLK,ND,0.005
A7478,DUP,1.5,
A7479,CRM,<0.02,0.01
A7480,BLK,ND,0.005
A7481,DUP,1.5,
A7482,CRM,<0.02,0.01
A7483,BLK,ND,0.005
A7484,DUP,1.5,
A7485,CRM,<0.02,0.01
A7486,BLK,ND,0.005
A7487,DUP,1.5,
A7488,CRM,<0.02,0.01
A7489,BLK,ND,0.005
A7490,DUP,1.5,
A7491,CRM,<0.02,0.01
A7492,BLK,ND,0.005
A7493,DUP,1.5,
A7494,CRM,<0.02,0.01
A7495,BLK,ND,0.005
A7496,DUP,1.5,
A7497,CRM,<0.02,0.01
A7498,BLK,ND,0.005
A7499,DUP,1.5,
A7500,CRM,<0.02,0.01
A7501,BLK,ND,0.005
A7502,DUP,1.5,
A7503,CRM,<0.02,0.01
A7504,BLK,ND,0.005
A7505,DUP,1.5,
A7506,CRM,<0.02,0.01
A7507,BLK,ND,0.005
A7508,DUP,1.5,
A7509,CRM,<0.02,0.01
A7510,BLK,ND,0.005
A7511,DUP,1.5,
A7512,CRM,<0.02,0.01
A7513,BLK,ND,0.005
A7514,DUP,1.5,
A7515,CRM,<0.02,0.01
A7516,BLK,ND,0.005
A7517,DUP,1.5,
A7518,CRM,<0.02,0.01
A7519,BLK,ND,0.005
A7520,DUP,1.5,
A7521,CRM,<0.02,0.01
A7522,BLK,ND,0.005
A7523,DUP,1.5,
A7524,CRM,<0.02,0.01
A7525,BLK,ND,0.005
A7526,DUP,1.5,
A7527,CRM,<0.02,0.01
A7528,BLK,ND,0.005
A7529,DUP,1.5,
A7530,CRM,<0.02,0.01
A7531,BLK,ND,0.005
A7532,DUP,1.5,
A7533,CRM,<0.02,0.01
A7534,BLK,ND,0.005
A7535,DUP,1.5,
A7536,CRM,<0.02,0.01
A7537,BLK,ND,0.005
A7538,DUP,1.5,
A7539,CRM,<0.02,0.01
A7540,BLK,ND,0.005
A7541,DUP,1.5,
A7542,CRM,<0.02,0.01
A7543,BLK,ND,0.005
A7544,DUP,1.5,
A7545,CRM,<0.02,0.01
A7546,BLK,ND,0.005
A7547,DUP,1.5,
A7548,CRM,<0.02,0.01
A7549,BLK,ND,0.005
A7550,DUP,1.5,
A7551,CRM,<0.02,0.01
A7552,BLK,ND,0.005
A7553,DUP,1.5,
A7554,CRM,<0.02,0.01
A7555,BLK,ND,0.005
A7556,DUP,1.5,
A7557,CRM,<0.02,0.01
A7558,BLK,ND,0.005
A7559,DUP,1.5,
A7560,CRM,<0.02,0.01
A7561,BLK,ND,0.005
A7562,DUP,1.5,
A7563,CRM,<0.02,0.01
A7564,BLK,ND,0.005
A7565,DUP,1.5,
A7566,CRM,<0.02,0.01
A7567,BLK,ND,0.005
A7568,DUP,1.5,
A7569,CRM,<0.02,0.01
A7570,BLK,ND,0.005
A7571,DUP,1.5,
A7572,CRM,<0.02,0.01
A7573,BLK,ND,0.005
A7574,DUP,1.5,
A7575,CRM,<0.02,0.01
A7576,BLK,ND,0.005
A7577,DUP,1.5,
A7578,CRM,<0.02,0.01
A7579,BLK,ND,0.005
A7580,DUP,1.5,
A7581,CRM,<0.02,0.01
A7582,BLK,ND,0.005
A7583,DUP,1.5,
A7584,CRM,<0.02,0.01
A7585,BLK,ND,0.005
A7586,DUP,1.5,
A7587,CRM,<0.02,0.01
A7588,BLK,ND,0.005
A7589,DUP,1.5,
A7590,CRM,<0.02,0.01
A7591,BLK,ND,0.005
A7592,DUP,1.5,
A7593,CRM,<0.02,0.01
A7594,BLK,ND,0.005
A7595,DUP,1.5,
A7596,CRM,<0.02,0.01
A7597,BLK,ND,0.005
A7598,DUP,1.5,
A7599,CRM,<0.02,0.01
A7600,BLK,ND,0.005
A7601,DUP,1.5,
A7602,CRM,<0.02,0.01
A7603,BLK,ND,0.005
A7604,DUP,1.5,
A7605,CRM,<0.02,0.01
A7606,BLK,ND,0.005
A7607,DUP,1.5,
A7608,CRM,<0.02,0.01
A7609,BLK,ND,0.005
A7610,DUP,1.5,
A7611,CRM,<0.02,0.01
A7612,BLK,ND,0.005
A7613,DUP,1.5,
A7614,CRM,<0.02,0.01
A7615,BLK,ND,0.005
A7616,DUP,1.5,
A7617,CRM,<0.02,0.01
A7618,BLK,ND,0.005
A7619,DUP,1.5,
A7620,CRM,<0.02,0.01
A7621,BLK,ND,0.005
A7622,DUP,1.5,
A7623,CRM,<0.02,0.01
A7624,BLK,ND,0.005
A7625,DUP,1.5,
A7626,CRM,<0.02,0.01
A7627,BLK,ND,0.005
A7628,DUP,1.5,
A7629,CRM,<0.02,0.01
A7630,BLK,ND,0.005
A7631,DUP,1.5,
A7632,CRM,<0.02,0.01
A7633,BLK,ND,0.005
A7634,DUP,1.5,
A7635,CRM,<0.02,0.01
A7636,BLK,ND,0.005
A7637,DUP,1.5,
A7638,CRM,<0.02,0.01
A7639,BLK,ND,0.005
A7640,DUP,1.5,
A7641,CRM,<0.02,0.01
A7642,BLK,ND,0.005
A7643,DUP,1.5,
A7644,CRM,<0.02,0.01
A7645,BLK,ND,0.005
A7646,DUP,1.5,
A7647,CRM,<0.02,0.01
A7648,BLK,ND,0.005
A7649,DUP,1.5,
A7650,CRM,<0.02,0.01
A7651,BLK,ND,0.005
A7652,DUP,1.5,
A7653,CRM,<0.02,0.01
A7654,BLK,ND,0.005
A7655,DUP,1.5,
A7656,CRM,<0.02,0.01
A7657,BLK,ND,0.005
A7658,DUP,1.5,
A7659,CRM,<0.02,0.01
A7660,BLK,ND,0.005
A7661,DUP,1.5,
A7662,CRM,<0.02,0.01
A7663,BLK,ND,0.005
A7664,DUP,1.5,
A7665,CRM,<0.02,0.01
A7666,BLK,ND,0.005
A7667,DUP,1.5,
A7668,CRM,<0.02,0.01
A7669,BLK,ND,0.005
A7670,DUP,1.5,
A7671,CRM,<0.02,0.01
A7672,BLK,ND,0.005
A7673,DUP,1.5,
A7674,CRM,<0.02,0.01
A7675,BLK,ND,0.005
A7676,DUP,1.5,
A7677,CRM,<0.02,0.01
A7678,BLK,ND,0.005
A7679,DUP,1.5,
A7680,CRM,<0.02,0.01
A7681,BLK,ND,0.005
A7682,DUP,1.5,
A7683,CRM,<0.02,0.01
A7684,BLK,ND,0.005
A7685,DUP,1.5,
A7686,CRM,<0.02,0.01
A7687,BLK,ND,0.005
A7688,DUP,1.5,
A7689,CRM,<0.02,0.01
A7690,BLK,ND,0.005
A7691,DUP,1.5,
A7692,CRM,<0.02,0.01
A7693,BLK,ND,0.005
A7694,DUP,1.5,
A7695,CRM,<0.02,0.01
A7696,BLK,ND,0.005
A7697,DUP,1.5,
A7698,CRM,<0.02,0.01
A7699,BLK,ND,0.005
A7700,DUP,1.5,
A7701,CRM,<0.02,0.01
A7702,BLK,ND,0.005
A7703,DUP,1.5,
A7704,CRM,<0.02,0.01
A7705,BLK,ND,0.005
A7706,DUP,1.5,
A7707,CRM,<0.02,0.01
A7708,BLK,ND,0.005
A7709,DUP,1.5,
A7710,CRM,<0.02,0.01
A7711,BLK,ND,0.005
A7712,DUP,1.5,
A7713,CRM,<0.02,0.01
A7714,BLK,ND,0.005
A7715,DUP,1.5,
A7716,CRM,<0.02,0.01
A7717,BLK,ND,0.005
A7718,DUP,1.5,
A7719,CRM,<0.02,0.01
A7720,BLK,ND,0.005
A7721,DUP,1.5,
A7722,CRM,<0.02,0.01
A7723,BLK,ND,0.005
A7724,DUP,1.5,
A7725,CRM,<0.02,0.01
A7726,BLK,ND,0.005
A7727,DUP,1.5,
A7728,CRM,<0.02,0.01
A7729,BLK,ND,0.005
A7730,DUP,1.5,
A7731,CRM,<0.02,0.01
A7732,BLK,ND,0.005
A7733,DUP,1.5,
A7734,CRM,<0.02,0.01
A7735,BLK,ND,0.005
A7736,DUP,1.5,
A7737,CRM,<0.02,0.01
A7738,BLK,ND,0.005
A7739,DUP,1.5,
A7740,CRM,<0.02,0.01
A7741,BLK,ND,0.005
A7742,DUP,1.5,
A7743,CRM,<0.02,0.01
A7744,BLK,ND,0.005
A7745,DUP,1.5,
A7746,CRM,<0.02,0.01
A7747,BLK,ND,0.005
A7748,DUP,1.5,
A7749,CRM,<0.02,0.01
A7750,BLK,ND,0.005
A7751,DUP,1.5,
A7752,CRM,<0.02,0.01
A7753,BLK,ND,0.005
A7754,DUP,1.5,
A7755,CRM,<0.02,0.01
A7756,BLK,ND,0.005
A7757,DUP,1.5,
A7758,CRM,<0.02,0.01
A7759,BLK,ND,0.005
A7760,DUP,1.5,
A7761,CRM,<0.02,0.01
A7762,BLK,ND,0.005
A7763,DUP,1.5,
A7764,CRM,<0.02,0.01
A7765,BLK,ND,0.005
A7766,DUP,1.5,
A7767,CRM,<0.02,0.01
A7768,BLK,ND,0.005
A7769,DUP,1.5,
A7770,CRM,<0.02,0.01
A7771,BLK,ND,0.005
A7772,DUP,1.5,
A7773,CRM,<0.02,0.01
A7774,BLK,ND,0.005
A7775,DUP,1.5,
A7776,CRM,<0.02,0.01
A7777,BLK,ND,0.005
A7778,DUP,1.5,
A7779,CRM,<0.02,0.01
A7780,BLK,ND,0.005
A7781,DUP,1.5,
A7782,CRM,<0.02,0.01
A7783,BLK,ND,0.005
A7784,DUP,1.5,
A7785,CRM,<0.02,0.01
A7786,BLK,ND,0.005
A7787,DUP,1.5,
A7788,CRM,<0.02,0.01
A7789,BLK,ND,0.005
A7790,DUP,1.5,
A7791,CRM,<0.02,0.01
A7792,BLK,ND,0.005
A7793,DUP,1.5,
A7794,CRM,<0.02,0.01
A7795,BLK,ND,0.005
A7796,DUP,1.5,
A7797,CRM,<0.02,0.01
A7798,BLK,ND,0.005
A7799,DUP,1.5,
A7800,CRM,<0.02,0.01
A7801,BLK,ND,0.005
A7802,DUP,1.5,
A7803,CRM,<0.02,0.01
A7804,BLK,ND,0.005
A7805,DUP,1.5,
A7806,CRM,<0.02,0.01
A7807,BLK,ND,0.005
A7808,DUP,1.5,
A7809,CRM,<0.02,0.01
A7810,BLK,ND,0.005
A7811,DUP,1.5,
A7812,CRM,<0.02,0.01
A7813,BLK,ND,0.005
A7814,DUP,1.5,
A7815,CRM,<0.02,0.01
A7816,BLK,ND,0.005
A7817,DUP,1.5,
A7818,CRM,<0.02,0.01
A7819,BLK,ND,0.005
A7820,DUP,1.5,
A7821,CRM,<0.02,0.01
A7822,BLK,ND,0.005
A7823,DUP,1.5,
A7824,CRM,<0.02,0.01
A7825,BLK,ND,0.005
A7826,DUP,1.5,
A7827,CRM,<0.02,0.01
A7828,BLK,ND,0.005
A7829,DUP,1.5,
A7830,CRM,<0.02,0.01
A7831,BLK,ND,0.005
A7832,DUP,1.5,
A7833,CRM,<0.02,0.01
A7834,BLK,ND,0.005
A7835,DUP,1.5,
A7836,CRM,<0.02,0.01
A7837,BLK,ND,0.005
A7838,DUP,1.5,
A7839,CRM,<0.02,0.01
A7840,BLK,ND,0.005
A7841,DUP,1.5,
A7842,CRM,<0.02,0.01
A7843,BLK,ND,0.005
A7844,DUP,1.5,
A7845,CRM,<0.02,0.01
A7846,BLK,ND,0.005
A7847,DUP,1.5,
A7848,CRM,<0.02,0.01
A7849,BLK,ND,0.005
A7850,DUP,1.5,
A7851,CRM,<0.02,0.01
A7852,BLK,ND,0.005
A7853,DUP,1.5,
A7854,CRM,<0.02,0.01
A7855,BLK,ND,0.005
A7856,DUP,1.5,
A7857,CRM,<0.02,0.01
A7858,BLK,ND,0.005
A7859,DUP,1.5,
A7860,CRM,<0.02,0.01
A7861,BLK,ND,0.005
A7862,DUP,1.5,
A7863,CRM,<0.02,0.01
A7864,BLK,ND,0.005
A7865,DUP,1.5,
A7866,CRM,<0.02,0.01
A7867,BLK,ND,0.005
A7868,DUP,1.5,
A7869,CRM,<0.02,0.01
A7870,BLK,ND,0.005
A7871,DUP,1.5,
A7872,CRM,<0.02,0.01
A7873,BLK,ND,0.005
A7874,DUP,1.5,
A7875,CRM,<0.02,0.01
A7876,BLK,ND,0.005
A7877,DUP,1.5,
A7878,CRM,<0.02,0.01
A7879,BLK,ND,0.005
A7880,DUP,1.5,
A7881,CRM,<0.02,0.01
A7882,BLK,ND,0.005
A7883,DUP,1.5,
A7884,CRM,<0.02,0.01
A7885,BLK,ND,0.005
A7886,DUP,1.5,
A7887,CRM,<0.02,0.01
A7888,BLK,ND,0.005
A7889,DUP,1.5,
A7890,CRM,<0.02,0.01
A7891,BLK,ND,0.005
A7892,DUP,1.5,
A7893,CRM,<0.02,0.01
A7894,BLK,ND,0.005
A7895,DUP,1.5,
A7896,CRM,<0.02,0.01
A7897,BLK,ND,0.005
A7898,DUP,1.5,
A7899,CRM,<0.02,0.01
A7900,BLK,ND,0.005
A7901,DUP,1.5,
A7902,CRM,<0.02,0.01
A7903,BLK,ND,0.005
A7904,DUP,1.5,
A7905,CRM,<0.02,0.01
A7906,BLK,ND,0.005
A7907,DUP,1.5,
A7908,CRM,<0.02,0.01
A7909,BLK,ND,0.005
A7910,DUP,1.5,
A7911,CRM,<0.02,0.01
A7912,BLK,ND,0.005
A7913,DUP,1.5,
A7914,CRM,<0.02,0.01
A7915,BLK,ND,0.005
A7916,DUP,1.5,
A7917,CRM,<0.02,0.01
A7918,BLK,ND,0.005
A7919,DUP,1.5,
A7920,CRM,<0.02,0.01
A7921,BLK,ND,0.005
A7922,DUP,1.5,
A7923,CRM,<0.02,0.01
A7924,BLK,ND,0.005
A7925,DUP,1.5,
A7926,CRM,<0.02,0.01
A7927,BLK,ND,0.005
A7928,DUP,1.5,
A7929,CRM,<0.02,0.01
A7930,BLK,ND,0.005
A7931,DUP,1.5,
A7932,CRM,<0.02,0.01
A7933,BLK,ND,0.005
A7934,DUP,1.5,
A7935,CRM,<0.02,0.01
A7936,BLK,ND,0.005
A7937,DUP,1.5,
A7938,CRM,<0.02,0.01
A7939,BLK,ND,0.005
A7940,DUP,1.5,
A7941,CRM,<0.02,0.01
A7942,BLK,ND,0.005
A7943,DUP,1.5,
A7944,CRM,<0.02,0.01
A7945,BLK,ND,0.005
A7946,DUP,1.5,
A7947,CRM,<0.02,0.01
A7948,BLK,ND,0.005
A7949,DUP,1.5,
A7950,CRM,<0.02,0.01
A7951,BLK,ND,0.005
A7952,DUP,1.5,
A7953,CRM,<0.02,0.01
A7954,BLK,ND,0.005
A7955,DUP,1.5,
A7956,CRM,<0.02,0.01
A7957,BLK,ND,0.005
A7958,DUP,1.5,
A7959,CRM,<0.02,0.01
A7960,BLK,ND,0.005
A7961,DUP,1.5,
A7962,CRM,<0.02,0.01
A7963,BLK,ND,0.005
A7964,DUP,1.5,
A7965,CRM,<0.02,0.01
A7966,BLK,ND,0.005
A7967,DUP,1.5,
A7968,CRM,<0.02,0.01
A7969,BLK,ND,0.005
A7970,DUP,1.5,
A7971,CRM,<0.02,0.01
A7972,BLK,ND,0.005
A7973,DUP,1.5,
A7974,CRM,<0.02,0.01
A7975,BLK,ND,0.005
A7976,DUP,1.5,
A7977,CRM,<0.02,0.01
A7978,BLK,ND,0.005
A7979,DUP,1.5,
A7980,CRM,<0.02,0.01
A7981,BLK,ND,0.005
A7982,DUP,1.5,
A7983,CRM,<0.02,0.01
A7984,BLK,ND,0.005
A7985,DUP,1.5,
A7986,CRM,<0.02,0.01
A7987,BLK,ND,0.005
A7988,DUP,1.5,
A7989,CRM,<0.02,0.01
A7990,BLK,ND,0.005
A7991,DUP,1.5,
A7992,CRM,<0.02,0.01
A7993,BLK,ND,0.005
A7994,DUP,1.5,
A7995,CRM,<0.02,0.01
A7996,BLK,ND,0.005
A7997,DUP,1.5,
A7998,CRM,<0.02,0.01
A7999,BLK,ND,0.005
A8000,DUP,1.5,
A8001,CRM,<0.02,0.01
A8002,BLK,ND,0.005
A8003,DUP,1.5,
A8004,CRM,<0.02,0.01
A8005,BLK,ND,0.005
A8006,DUP,1.5,
A8007,CRM,<0.02,0.01
A8008,BLK,ND,0.005
A8009,DUP,1.5,
A8010,CRM,<0.02,0.01
A8011,BLK,ND,0.005
A8012,DUP,1.5,
A8013,CRM,<0.02,0.01
A8014,BLK,ND,0.005
A8015,DUP,1.5,
A8016,CRM,<0.02,0.01
A8017,BLK,ND,0.005
A8018,DUP,1.5,
A8019,CRM,<0.02,0.01
A8020,BLK,ND,0.005
A8021,DUP,1.5,
A8022,CRM,<0.02,0.01
A8023,BLK,ND,0.005
A8024,DUP,1.5,
A8025,CRM,<0.02,0.01
A8026,BLK,ND,0.005
A8027,DUP,1.5,
A8028,CRM,<0.02,0.01
A8029,BLK,ND,0.005
A8030,DUP,1.5,
A8031,CRM,<0.02,0.01
A8032,BLK,ND,0.005
A8033,DUP,1.5,
A8034,CRM,<0.02,0.01
A8035,BLK,ND,0.005
A8036,DUP,1.5,
A8037,CRM,<0.02,0.01
A8038,BLK,ND,0.005
A8039,DUP,1.5,
A8040,CRM,<0.02,0.01
A8041,BLK,ND,0.005
A8042,DUP,1.5,
A8043,CRM,<0.02,0.01
A8044,BLK,ND,0.005
A8045,DUP,1.5,
A8046,CRM,<0.02,0.01
A8047,BLK,ND,0.005
A8048,DUP,1.5,
A8049,CRM,<0.02,0.01
A8050,BLK,ND,0.005
A8051,DUP,1.5,
A8052,CRM,<0.02,0.01
A8053,BLK,ND,0.005
A8054,DUP,1.5,
A8055,CRM,<0.02,0.01
A8056,BLK,ND,0.005
A8057,DUP,1.5,
A8058,CRM,<0.02,0.01
A8059,BLK,ND,0.005
A8060,DUP,1.5,
A8061,CRM,<0.02,0.01
A8062,BLK,ND,0.005
A8063,DUP,1.5,
A8064,CRM,<0.02,0.01
A8065,BLK,ND,0.005
A8066,DUP,1.5,
A8067,CRM,<0.02,0.01
A8068,BLK,ND,0.005
A8069,DUP,1.5,
A8070,CRM,<0.02,0.01
A8071,BLK,ND,0.005
A8072,DUP,1.5,
A8073,CRM,<0.02,0.01
A8074,BLK,ND,0.005
A8075,DUP,1.5,
A8076,CRM,<0.02,0.01
A8077,BLK,ND,0.005
A8078,DUP,1.5,
A8079,CRM,<0.02,0.01
A8080,BLK,ND,0.005
A8081,DUP,1.5,
A8082,CRM,<0.02,0.01
A8083,BLK,ND,0.005
A8084,DUP,1.5,
A8085,CRM,<0.02,0.01
A8086,BLK,ND,0.005
A8087,DUP,1.5,
A8088,CRM,<0.02,0.01
A8089,BLK,ND,0.005
A8090,DUP,1.5,
A8091,CRM,<0.02,0.01
A8092,BLK,ND,0.005
A8093,DUP,1.5,
A8094,CRM,<0.02,0.01
A8095,BLK,ND,0.005
A8096,DUP,1.5,
A8097,CRM,<0.02,0.01
A8098,BLK,ND,0.005
A8099,DUP,1.5,
A8100,CRM,<0.02,0.01
A8101,BLK,ND,0.005
A8102,DUP,1.5,
A8103,CRM,<0.02,0.01
A8104,BLK,ND,0.005
A8105,DUP,1.5,
A8106,CRM,<0.02,0.01
A8107,BLK,ND,0.005
A8108,DUP,1.5,
A8109,CRM,<0.02,0.01
A8110,BLK,ND,0.005
A8111,DUP,1.5,
A8112,CRM,<0.02,0.01
A8113,BLK,ND,0.005
A8114,DUP,1.5,
A8115,CRM,<0.02,0.01
A8116,BLK,ND,0.005
A8117,DUP,1.5,
A8118,CRM,<0.02,0.01
A8119,BLK,ND,0.005
A8120,DUP,1.5,
A8121,CRM,<0.02,0.01
A8122,BLK,ND,0.005
A8123,DUP,1.5,
A8124,CRM,<0.02,0.01
A8125,BLK,ND,0.005
A8126,DUP,1.5,
A8127,CRM,<0.02,0.01
A8128,BLK,ND,0.005
A8129,DUP,1.5,
A8130,CRM,<0.02,0.01
A8131,BLK,ND,0.005
A8132,DUP,1.5,
A8133,CRM,<0.02,0.01
A8134,BLK,ND,0.005
A8135,DUP,1.5,
A8136,CRM,<0.02,0.01
A8137,BLK,ND,0.005
A8138,DUP,1.5,
A8139,CRM,<0.02,0.01
A8140,BLK,ND,0.005
A8141,DUP,1.5,
A8142,CRM,<0.02,0.01
A8143,BLK,ND,0.005
A8144,DUP,1.5,
A8145,CRM,<0.02,0.01
A8146,BLK,ND,0.005
A8147,DUP,1.5,
A8148,CRM,<0.02,0.01
A8149,BLK,ND,0.005
A8150,DUP,1.5,
A8151,CRM,<0.02,0.01
A8152,BLK,ND,0.005
A8153,DUP,1.5,
A8154,CRM,<0.02,0.01
A8155,BLK,ND,0.005
A8156,DUP,1.5,
A8157,CRM,<0.02,0.01
A8158,BLK,ND,0.005
A8159,DUP,1.5,
A8160,CRM,<0.02,0.01
A8161,BLK,ND,0.005
A8162,DUP,1.5,
A8163,CRM,<0.02,0.01
A8164,BLK,ND,0.005
A8165,DUP,1.5,
A8166,CRM,<0.02,0.01
A8167,BLK,ND,0.005
A8168,DUP,1.5,
A8169,CRM,<0.02,0.01
A8170,BLK,ND,0.005
A8171,DUP,1.5,
A8172,CRM,<0.02,0.01
A8173,BLK,ND,0.005
A8174,DUP,1.5,
A8175,CRM,<0.02,0.01
A8176,BLK,ND,0.005
A8177,DUP,1.5,
A8178,CRM,<0.02,0.01
A8179,BLK,ND,0.005
A8180,DUP,1.5,
A8181,CRM,<0.02,0.01
A8182,BLK,ND,0.005
A8183,DUP,1.5,
A8184,CRM,<0.02,0.01
A8185,BLK,ND,0.005
A8186,DUP,1.5,
A8187,CRM,<0.02,0.01
A8188,BLK,ND,0.005
A8189,DUP,1.5,
A8190,CRM,<0.02,0.01
A8191,BLK,ND,0.005
A8192,DUP,1.5,
A8193,CRM,<0.02,0.01
A8194,BLK,ND,0.005
A8195,DUP,1.5,
A8196,CRM,<0.02,0.01
A8197,BLK,ND,0.005
A8198,DUP,1.5,
A8199,CRM,<0.02,0.01
A8200,BLK,ND,0.005
A8201,DUP,1.5,
A8202,CRM,<0.02,0.01
A8203,BLK,ND,0.005
A8204,DUP,1.5,
A8205,CRM,<0.02,0.01
A8206,BLK,ND,0.005
A8207,DUP,1.5,
A8208,CRM,<0.02,0.01
A8209,BLK,ND,0.005
A8210,DUP,1.5,
A8211,CRM,<0.02,0.01
A8212,BLK,ND,0.005
A8213,DUP,1.5,
A8214,CRM,<0.02,0.01
A8215,BLK,ND,0.005
A8216,DUP,1.5,
A8217,CRM,<0.02,0.01
A8218,BLK,ND,0.005
A8219,DUP,1.5,
A8220,CRM,<0.02,0.01
A8221,BLK,ND,0.005
A8222,DUP,1.5,
A8223,CRM,<0.02,0.01
A8224,BLK,ND,0.005
A8225,DUP,1.5,
A8226,CRM,<0.02,0.01
A8227,BLK,ND,0.005
A8228,DUP,1.5,
A8229,CRM,<0.02,0.01
A8230,BLK,ND,0.005
A8231,DUP,1.5,
A8232,CRM,<0.02,0.01
A8233,BLK,ND,0.005
A8234,DUP,1.5,
A8235,CRM,<0.02,0.01
A8236,BLK,ND,0.005
A8237,DUP,1.5,
A8238,CRM,<0.02,0.01
A8239,BLK,ND,0.005
A8240,DUP,1.5,
A8241,CRM,<0.02,0.01
A8242,BLK,ND,0.005
A8243,DUP,1.5,
A8244,CRM,<0.02,0.01
A8245,BLK,ND,0.005
A8246,DUP,1.5,
A8247,CRM,<0.02,0.01
A8248,BLK,ND,0.005
A8249,DUP,1.5,
A8250,CRM,<0.02,0.01
A8251,BLK,ND,0.005
A8252,DUP,1.5,
A8253,CRM,<0.02,0.01
A8254,BLK,ND,0.005
A8255,DUP,1.5,
A8256,CRM,<0.02,0.01
A8257,BLK,ND,0.005
A8258,DUP,1.5,
A8259,CRM,<0.02,0.01
A8260,BLK,ND,0.005
A8261,DUP,1.5,
A8262,CRM,<0.02,0.01
A8263,BLK,ND,0.005
A8264,DUP,1.5,
A8265,CRM,<0.02,0.01
A8266,BLK,ND,0.005
A8267,DUP,1.5,
A8268,CRM,<0.02,0.01
A8269,BLK,ND,0.005
A8270,DUP,1.5,
A8271,CRM,<0.02,0.01
A8272,BLK,ND,0.005
A8273,DUP,1.5,
A8274,CRM,<0.02,0.01
A8275,BLK,ND,0.005
A8276,DUP,1.5,
A8277,CRM,<0.02,0.01
A8278,BLK,ND,0.005
A8279,DUP,1.5,
A8280,CRM,<0.02,0.01
A8281,BLK,ND,0.005
A8282,DUP,1.5,
A8283,CRM,<0.02,0.01
A8284,BLK,ND,0.005
A8285,DUP,1.5,
A8286,CRM,<0.02,0.01
A8287,BLK,ND,0.005
A8288,DUP,1.5,
A8289,CRM,<0.02,0.01
A8290,BLK,ND,0.005
A8291,DUP,1.5,
A8292,CRM,<0.02,0.01
A8293,BLK,ND,0.005
A8294,DUP,1.5,
A8295,CRM,<0.02,0.01
A8296,BLK,ND,0.005
A8297,DUP,1.5,
A8298,CRM,<0.02,0.01
A8299,BLK,ND,0.005
A8300,DUP,1.5,
A8301,CRM,<0.02,0.01
A8302,BLK,ND,0.005
A8303,DUP,1.5,
A8304,CRM,<0.02,0.01
A8305,BLK,ND,0.005
A8306,DUP,1.5,
A8307,CRM,<0.02,0.01
A8308,BLK,ND,0.005
A8309,DUP,1.5,
A8310,CRM,<0.02,0.01
A8311,BLK,ND,0.005
A8312,DUP,1.5,
A8313,CRM,<0.02,0.01
A8314,BLK,ND,0.005
A8315,DUP,1.5,
A8316,CRM,<0.02,0.01
A8317,BLK,ND,0.005
A8318,DUP,1.5,
A8319,CRM,<0.02,0.01
A8320,BLK,ND,0.005
A8321,DUP,1.5,
A8322,CRM,<0.02,0.01
A8323,BLK,ND,0.005
A8324,DUP,1.5,
A8325,CRM,<0.02,0.01
A8326,BLK,ND,0.005
A8327,DUP,1.5,
A8328,CRM,<0.02,0.01
A8329,BLK,ND,0.005
A8330,DUP,1.5,
A8331,CRM,<0.02,0.01
A8332,BLK,ND,0.005
A8333,DUP,1.5,
A8334,CRM,<0.02,0.01
A8335,BLK,ND,0.005
A8336,DUP,1.5,
A8337,CRM,<0.02,0.01
A8338,BLK,ND,0.005
A8339,DUP,1.5,
A8340,CRM,<0.02,0.01
A8341,BLK,ND,0.005
A8342,DUP,1.5,
A8343,CRM,<0.02,0.01
A8344,BLK,ND,0.005
A8345,DUP,1.5,
A8346,CRM,<0.02,0.01
A8347,BLK,ND,0.005
A8348,DUP,1.5,
A8349,CRM,<0.02,0.01
A8350,BLK,ND,0.005
A8351,DUP,1.5,
A8352,CRM,<0.02,0.01
A8353,BLK,ND,0.005
A8354,DUP,1.5,
A8355,CRM,<0.02,0.01
A8356,BLK,ND,0.005
A8357,DUP,1.5,
A8358,CRM,<0.02,0.01
A8359,BLK,ND,0.005
A8360,DUP,1.5,
A8361,CRM,<0.02,0.01
A8362,BLK,ND,0.005
A8363,DUP,1.5,
A8364,CRM,<0.02,0.01
A8365,BLK,ND,0.005
A8366,DUP,1.5,
A8367,CRM,<0.02,0.01
A8368,BLK,ND,0.005
A8369,DUP,1.5,
A8370,CRM,<0.02,0.01
A8371,BLK,ND,0.005
A8372,DUP,1.5,
A8373,CRM,<0.02,0.01
A8374,BLK,ND,0.005
A8375,DUP,1.5,
A8376,CRM,<0.02,0.01
A8377,BLK,ND,0.005
A8378,DUP,1.5,
A8379,CRM,<0.02,0.01
A8380,BLK,ND,0.005
A8381,DUP,1.5,
A8382,CRM,<0.02,0.01
A8383,BLK,ND,0.005
A8384,DUP,1.5,
A8385,CRM,<0.02,0.01
A8386,BLK,ND,0.005
A8387,DUP,1.5,
A8388,CRM,<0.02,0.01
A8389,BLK,ND,0.005
A8390,DUP,1.5,
A8391,CRM,<0.02,0.01
A8392,BLK,ND,0.005
A8393,DUP,1.5,
A8394,CRM,<0.02,0.01
A8395,BLK,ND,0.005
A8396,DUP,1.5,
A8397,CRM,<0.02,0.01
A8398,BLK,ND,0.005
A8399,DUP,1.5,
A8400,CRM,<0.02,0.01
A8401,BLK,ND,0.005
A8402,DUP,1.5,
A8403,CRM,<0.02,0.01
A8404,BLK,ND,0.005
A8405,DUP,1.5,
A8406,CRM,<0.02,0.01
A8407,BLK,ND,0.005
A8408,DUP,1.5,
A8409,CRM,<0.02,0.01
A8410,BLK,ND,0.005
A8411,DUP,1.5,
A8412,CRM,<0.02,0.01
A8413,BLK,ND,0.005
A8414,DUP,1.5,
A8415,CRM,<0.02,0.01
A8416,BLK,ND,0.005
A8417,DUP,1.5,
A8418,CRM,<0.02,0.01
A8419,BLK,ND,0.005
A8420,DUP,1.5,
A8421,CRM,<0.02,0.01
A8422,BLK,ND,0.005
A8423,DUP,1.5,
A8424,CRM,<0.02,0.01
A8425,BLK,ND,0.005
A8426,DUP,1.5,
A8427,CRM,<0.02,0.01
A8428,BLK,ND,0.005
A8429,DUP,1.5,
A8430,CRM,<0.02,0.01
A8431,BLK,ND,0.005
A8432,DUP,1.5,
A8433,CRM,<0.02,0.01
A8434,BLK,ND,0.005
A8435,DUP,1.5,
A8436,CRM,<0.02,0.01
A8437,BLK,ND,0.005
A8438,DUP,1.5,
A8439,CRM,<0.02,0.01
A8440,BLK,ND,0.005
A8441,DUP,1.5,
A8442,CRM,<0.02,0.01
A8443,BLK,ND,0.005
A8444,DUP,1.5,
A8445,CRM,<0.02,0.01
A8446,BLK,ND,0.005
A8447,DUP,1.5,
A8448,CRM,<0.02,0.01
A8449,BLK,ND,0.005
A8450,DUP,1.5,
A8451,CRM,<0.02,0.01
A8452,BLK,ND,0.005
A8453,DUP,1.5,
A8454,CRM,<0.02,0.01
A8455,BLK,ND,0.005
A8456,DUP,1.5,
A8457,CRM,<0.02,0.01
A8458,BLK,ND,0.005
A8459,DUP,1.5,
A8460,CRM,<0.02,0.01
A8461,BLK,ND,0.005
A8462,DUP,1.5,
A8463,CRM,<0.02,0.01
A8464,BLK,ND,0.005
A8465,DUP,1.5,
A8466,CRM,<0.02,0.01
A8467,BLK,ND,0.005
A8468,DUP,1.5,
A8469,CRM,<0.02,0.01
A8470,BLK,ND,0.005
A8471,DUP,1.5,
A8472,CRM,<0.02,0.01
A8473,BLK,ND,0.005
A8474,DUP,1.5,
A8475,CRM,<0.02,0.01
A8476,BLK,ND,0.005
A8477,DUP,1.5,
A8478,CRM,<0.02,0.01
A8479,BLK,ND,0.005
A8480,DUP,1.5,
A8481,CRM,<0.02,0.01
A8482,BLK,ND,0.005
A8483,DUP,1.5,
A8484,CRM,<0.02,0.01
A8485,BLK,ND,0.005
A8486,DUP,1.5,
A8487,CRM,<0.02,0.01
A8488,BLK,ND,0.005
A8489,DUP,1.5,
A8490,CRM,<0.02,0.01
A8491,BLK,ND,0.005
A8492,DUP,1.5,
A8493,CRM,<0.02,0.01
A8494,BLK,ND,0.005
A8495,DUP,1.5,
A8496,CRM,<0.02,0.01
A8497,BLK,ND,0.005
A8498,DUP,1.5,
A8499,CRM,<0.02,0.01
A8500,BLK,ND,0.005
A8501,DUP,1.5,
A8502,CRM,<0.02,0.01
A8503,BLK,ND,0.005
A8504,DUP,1.5,
A8505,CRM,<0.02,0.01
A8506,BLK,ND,0.005
A8507,DUP,1.5,
A8508,CRM,<0.02,0.01
A8509,BLK,ND,0.005
A8510,DUP,1.5,
A8511,CRM,<0.02,0.01
A8512,BLK,ND,0.005
A8513,DUP,1.5,
A8514,CRM,<0.02,0.01
A8515,BLK,ND,0.005
A8516,DUP,1.5,
A8517,CRM,<0.02,0.01
A8518,BLK,ND,0.005
A8519,DUP,1.5,
A8520,CRM,<0.02,0.01
A8521,BLK,ND,0.005
A8522,DUP,1.5,
A8523,CRM,<0.02,0.01
A8524,BLK,ND,0.005
A8525,DUP,1.5,
A8526,CRM,<0.02,0.01
A8527,BLK,ND,0.005
A8528,DUP,1.5,
A8529,CRM,<0.02,0.01
A8530,BLK,ND,0.005
A8531,DUP,1.5,
A8532,CRM,<0.02,0.01
A8533,BLK,ND,0.005
A8534,DUP,1.5,
A8535,CRM,<0.02,0.01
A8536,BLK,ND,0.005
A8537,DUP,1.5,
A8538,CRM,<0.02,0.01
A8539,BLK,ND,0.005
A8540,DUP,1.5,
A8541,CRM,<0.02,0.01
A8542,BLK,ND,0.005
A8543,DUP,1.5,
A8544,CRM,<0.02,0.01
A8545,BLK,ND,0.005
A8546,DUP,1.5,
A8547,CRM,<0.02,0.01
A8548,BLK,ND,0.005
A8549,DUP,1.5,
A8550,CRM,<0.02,0.01
A8551,BLK,ND,0.005
A8552,DUP,1.5,
A8553,CRM,<0.02,0.01
A8554,BLK,ND,0.005
A8555,DUP,1.5,
A8556,CRM,<0.02,0.01
A8557,BLK,ND,0.005
A8558,DUP,1.5,
A8559,CRM,<0.02,0.01
A8560,BLK,ND,0.005
A8561,DUP,1.5,
A8562,CRM,<0.02,0.01
A8563,BLK,ND,0.005
A8564,DUP,1.5,
A8565,CRM,<0.02,0.01
A8566,BLK,ND,0.005
A8567,DUP,1.5,
A8568,CRM,<0.02,0.01
A8569,BLK,ND,0.005
A8570,DUP,1.5,
A8571,CRM,<0.02,0.01
A8572,BLK,ND,0.005
A8573,DUP,1.5,
A8574,CRM,<0.02,0.01
A8575,BLK,ND,0.005
A8576,DUP,1.5,
A8577,CRM,<0.02,0.01
A8578,BLK,ND,0.005
A8579,DUP,1.5,
A8580,CRM,<0.02,0.01
A8581,BLK,ND,0.005
A8582,DUP,1.5,
A8583,CRM,<0.02,0.01
A8584,BLK,ND,0.005
A8585,DUP,1.5,
A8586,CRM,<0.02,0.01
A8587,BLK,ND,0.005
A8588,DUP,1.5,
A8589,CRM,<0.02,0.01
A8590,BLK,ND,0.005
A8591,DUP,1.5,
A8592,CRM,<0.02,0.01
A8593,BLK,ND,0.005
A8594,DUP,1.5,
A8595,CRM,<0.02,0.01
A8596,BLK,ND,0.005
A8597,DUP,1.5,
A8598,CRM,<0.02,0.01
A8599,BLK,ND,0.005
A8600,DUP,1.5,
A8601,CRM,<0.02,0.01
A8602,BLK,ND,0.005
A8603,DUP,1.5,
A8604,CRM,<0.02,0.01
A8605,BLK,ND,0.005
A8606,DUP,1.5,
A8607,CRM,<0.02,0.01
A8608,BLK,ND,0.005
A8609,DUP,1.5,
A8610,CRM,<0.02,0.01
A8611,BLK,ND,0.005
A8612,DUP,1.5,
A8613,CRM,<0.02,0.01
A8614,BLK,ND,0.005
A8615,DUP,1.5,
A8616,CRM,<0.02,0.01
A8617,BLK,ND,0.005
A8618,DUP,1.5,
A8619,CRM,<0.02,0.01
A8620,BLK,ND,0.005
A8621,DUP,1.5,
A8622,CRM,<0.02,0.01
A8623,BLK,ND,0.005
A8624,DUP,1.5,
A8625,CRM,<0.02,0.01
A8626,BLK,ND,0.005
A8627,DUP,1.5,
A8628,CRM,<0.02,0.01
A8629,BLK,ND,0.005
A8630,DUP,1.5,
A8631,CRM,<0.02,0.01
A8632,BLK,ND,0.005
A8633,DUP,1.5,
A8634,CRM,<0.02,0.01
A8635,BLK,ND,0.005
A8636,DUP,1.5,
A8637,CRM,<0.02,0.01
A8638,BLK,ND,0.005
A8639,DUP,1.5,
A8640,CRM,<0.02,0.01
A8641,BLK,ND,0.005
A8642,DUP,1.5,
A8643,CRM,<0.02,0.01
A8644,BLK,ND,0.005
A8645,DUP,1.5,
A8646,CRM,<0.02,0.01
A8647,BLK,ND,0.005
A8648,DUP,1.5,
A8649,CRM,<0.02,0.01
A8650,BLK,ND,0.005
A8651,DUP,1.5,
A8652,CRM,<0.02,0.01
A8653,BLK,ND,0.005
A8654,DUP,1.5,
A8655,CRM,<0.02,0.01
A8656,BLK,ND,0.005
A8657,DUP,1.5,
A8658,CRM,<0.02,0.01
A8659,BLK,ND,0.005
A8660,DUP,1.5,
A8661,CRM,<0.02,0.01
A8662,BLK,ND,0.005
A8663,DUP,1.5,
A8664,CRM,<0.02,0.01
A8665,BLK,ND,0.005
A8666,DUP,1.5,
A8667,CRM,<0.02,0.01
A8668,BLK,ND,0.005
A8669,DUP,1.5,
A8670,CRM,<0.02,0.01
A8671,BLK,ND,0.005
A8672,DUP,1.5,
A8673,CRM,<0.02,0.01
A8674,BLK,ND,0.005
A8675,DUP,1.5,
A8676,CRM,<0.02,0.01
A8677,BLK,ND,0.005
A8678,DUP,1.5,
A8679,CRM,<0.02,0.01
A8680,BLK,ND,0.005
A8681,DUP,1.5,
A8682,CRM,<0.02,0.01
A8683,BLK,ND,0.005
A8684,DUP,1.5,
A8685,CRM,<0.02,0.01
A8686,BLK,ND,0.005
A8687,DUP,1.5,
A8688,CRM,<0.02,0.01
A8689,BLK,ND,0.005
A8690,DUP,1.5,
A8691,CRM,<0.02,0.01
A8692,BLK,ND,0.005
A8693,DUP,1.5,
A8694,CRM,<0.02,0.01
A8695,BLK,ND,0.005
A8696,DUP,1.5,
A8697,CRM,<0.02,0.01
A8698,BLK,ND,0.005
A8699,DUP,1.5,
A8700,CRM,<0.02,0.01
A8701,BLK,ND,0.005
A8702,DUP,1.5,
A8703,CRM,<0.02,0.01
A8704,BLK,ND,0.005
A8705,DUP,1.5,
A8706,CRM,<0.02,0.01
A8707,BLK,ND,0.005
A8708,DUP,1.5,
A8709,CRM,<0.02,0.01
A8710,BLK,ND,0.005
A8711,DUP,1.5,
A8712,CRM,<0.02,0.01
A8713,BLK,ND,0.005
A8714,DUP,1.5,
A8715,CRM,<0.02,0.01
A8716,BLK,ND,0.005
A8717,DUP,1.5,
A8718,CRM,<0.02,0.01
A8719,BLK,ND,0.005
A8720,DUP,1.5,
A8721,CRM,<0.02,0.01
A8722,BLK,ND,0.005
A8723,DUP,1.5,
A8724,CRM,<0.02,0.01
A8725,BLK,ND,0.005
A8726,DUP,1.5,
A8727,CRM,<0.02,0.01
A8728,BLK,ND,0.005
A8729,DUP,1.5,
A8730,CRM,<0.02,0.01
A8731,BLK,ND,0.005
A8732,DUP,1.5,
A8733,CRM,<0.02,0.01
A8734,BLK,ND,0.005
A8735,DUP,1.5,
A8736,CRM,<0.02,0.01
A8737,BLK,ND,0.005
A8738,DUP,1.5,
A8739,CRM,<0.02,0.01
A8740,BLK,ND,0.005
A8741,DUP,1.5,
A8742,CRM,<0.02,0.01
A8743,BLK,ND,0.005
A8744,DUP,1.5,
A8745,CRM,<0.02,0.01
A8746,BLK,ND,0.005
A8747,DUP,1.5,
A8748,CRM,<0.02,0.01
A8749,BLK,ND,0.005
A8750,DUP,1.5,
A8751,CRM,<0.02,0.01
A8752,BLK,ND,0.005
A8753,DUP,1.5,
A8754,CRM,<0.02,0.01
A8755,BLK,ND,0.005
A8756,DUP,1.5,
A8757,CRM,<0.02,0.01
A8758,BLK,ND,0.005
A8759,DUP,1.5,
A8760,CRM,<0.02,0.01
A8761,BLK,ND,0.005
A8762,DUP,1.5,
A8763,CRM,<0.02,0.01
A8764,BLK,ND,0.005
A8765,DUP,1.5,
A8766,CRM,<0.02,0.01
A8767,BLK,ND,0.005
A8768,DUP,1.5,
A8769,CRM,<0.02,0.01
A8770,BLK,ND,0.005
A8771,DUP,1.5,
A8772,CRM,<0.02,0.01
A8773,BLK,ND,0.005
A8774,DUP,1.5,
A8775,CRM,<0.02,0.01
A8776,BLK,ND,0.005
A8777,DUP,1.5,
A8778,CRM,<0.02,0.01
A8779,BLK,ND,0.005
A8780,DUP,1.5,
A8781,CRM,<0.02,0.01
A8782,BLK,ND,0.005
A8783,DUP,1.5,
A8784,CRM,<0.02,0.01
A8785,BLK,ND,0.005
A8786,DUP,1.5,
A8787,CRM,<0.02,0.01
A8788,BLK,ND,0.005
A8789,DUP,1.5,
A8790,CRM,<0.02,0.01
A8791,BLK,ND,0.005
A8792,DUP,1.5,
A8793,CRM,<0.02,0.01
A8794,BLK,ND,0.005
A8795,DUP,1.5,
A8796,CRM,<0.02,0.01
A8797,BLK,ND,0.005
A8798,DUP,1.5,
A8799,CRM,<0.02,0.01
A8800,BLK,ND,0.005
A8801,DUP,1.5,
A8802,CRM,<0.02,0.01
A8803,BLK,ND,0.005
A8804,DUP,1.5,
A8805,CRM,<0.02,0.01
A8806,BLK,ND,0.005
A8807,DUP,1.5,
A8808,CRM,<0.02,0.01
A8809,BLK,ND,0.005
A8810,DUP,1.5,
A8811,CRM,<0.02,0.01
A8812,BLK,ND,0.005
A8813,DUP,1.5,
A8814,CRM,<0.02,0.01
A8815,BLK,ND,0.005
A8816,DUP,1.5,
A8817,CRM,<0.02,0.01
A8818,BLK,ND,0.005
A8819,DUP,1.5,
A8820,CRM,<0.02,0.01
A8821,BLK,ND,0.005
A8822,DUP,1.5,
A8823,CRM,<0.02,0.01
A8824,BLK,ND,0.005
A8825,DUP,1.5,
A8826,CRM,<0.02,0.01
A8827,BLK,ND,0.005
A8828,DUP,1.5,
A8829,CRM,<0.02,0.01
A8830,BLK,ND,0.005
A8831,DUP,1.5,
A8832,CRM,<0.02,0.01
A8833,BLK,ND,0.005
A8834,DUP,1.5,
A8835,CRM,<0.02,0.01
A8836,BLK,ND,0.005
A8837,DUP,1.5,
A8838,CRM,<0.02,0.01
A8839,BLK,ND,0.005
A8840,DUP,1.5,
A8841,CRM,<0.02,0.01
A8842,BLK,ND,0.005
A8843,DUP,1.5,
A8844,CRM,<0.02,0.01
A8845,BLK,ND,0.005
A8846,DUP,1.5,
A8847,CRM,<0.02,0.01
A8848,BLK,ND,0.005
A8849,DUP,1.5,
A8850,CRM,<0.02,0.01
A8851,BLK,ND,0.005
A8852,DUP,1.5,
A8853,CRM,<0.02,0.01
A8854,BLK,ND,0.005
A8855,DUP,1.5,
A8856,CRM,<0.02,0.01
A8857,BLK,ND,0.005
A8858,DUP,1.5,
A8859,CRM,<0.02,0.01
A8860,BLK,ND,0.005
A8861,DUP,1.5,
A8862,CRM,<0.02,0.01
A8863,BLK,ND,0.005
A8864,DUP,1.5,
A8865,CRM,<0.02,0.01
A8866,BLK,ND,0.005
A8867,DUP,1.5,
A8868,CRM,<0.02,0.01
A8869,BLK,ND,0.005
A8870,DUP,1.5,
A8871,CRM,<0.02,0.01
A8872,BLK,ND,0.005
A8873,DUP,1.5,
A8874,CRM,<0.02,0.01
A8875,BLK,ND,0.005
A8876,DUP,1.5,
A8877,CRM,<0.02,0.01
A8878,BLK,ND,0.005
A8879,DUP,1.5,
A8880,CRM,<0.02,0.01
A8881,BLK,ND,0.005
A8882,DUP,1.5,
A8883,CRM,<0.02,0.01
A8884,BLK,ND,0.005
A8885,DUP,1.5,
A8886,CRM,<0.02,0.01
A8887,BLK,ND,0.005
A8888,DUP,1.5,
A8889,CRM,<0.02,0.01
A8890,BLK,ND,0.005
A8891,DUP,1.5,
A8892,CRM,<0.02,0.01
A8893,BLK,ND,0.005
A8894,DUP,1.5,
A8895,CRM,<0.02,0.01
A8896,BLK,ND,0.005
A8897,DUP,1.5,
A8898,CRM,<0.02,0.01
A8899,BLK,ND,0.005
A8900,DUP,1.5,
A8901,CRM,<0.02,0.01
A8902,BLK,ND,0.005
A8903,DUP,1.5,
A8904,CRM,<0.02,0.01
A8905,BLK,ND,0.005
A8906,DUP,1.5,
A8907,CRM,<0.02,0.01
A8908,BLK,ND,0.005
A8909,DUP,1.5,
A8910,CRM,<0.02,0.01
A8911,BLK,ND,0.005
A8912,DUP,1.5,
A8913,CRM,<0.02,0.01
A8914,BLK,ND,0.005
A8915,DUP,1.5,
A8916,CRM,<0.02,0.01
A8917,BLK,ND,0.005
A8918,DUP,1.5,
A8919,CRM,<0.02,0.01
A8920,BLK,ND,0.005
A8921,DUP,1.5,
A8922,CRM,<0.02,0.01
A8923,BLK,ND,0.005
A8924,DUP,1.5,
A8925,CRM,<0.02,0.01
A8926,BLK,ND,0.005
A8927,DUP,1.5,
A8928,CRM,<0.02,0.01
A8929,BLK,ND,0.005
A8930,DUP,1.5,
A8931,CRM,<0.02,0.01
A8932,BLK,ND,0.005
A8933,DUP,1.5,
A8934,CRM,<0.02,0.01
A8935,BLK,ND,0.005
A8936,DUP,1.5,
A8937,CRM,<0.02,0.01
A8938,BLK,ND,0.005
A8939,DUP,1.5,
A8940,CRM,<0.02,0.01
A8941,BLK,ND,0.005
A8942,DUP,1.5,
A8943,CRM,<0.02,0.01
A8944,BLK,ND,0.005
A8945,DUP,1.5,
A8946,CRM,<0.02,0.01
A8947,BLK,ND,0.005
A8948,DUP,1.5,
A8949,CRM,<0.02,0.01
A8950,BLK,ND,0.005
A8951,DUP,1.5,
A8952,CRM,<0.02,0.01
A8953,BLK,ND,0.005
A8954,DUP,1.5,
A8955,CRM,<0.02,0.01
A8956,BLK,ND,0.005
A8957,DUP,1.5,
A8958,CRM,<0.02,0.01
A8959,BLK,ND,0.005
A8960,DUP,1.5,
A8961,CRM,<0.02,0.01
A8962,BLK,ND,0.005
A8963,DUP,1.5,
A8964,CRM,<0.02,0.01
A8965,BLK,ND,0.005
A8966,DUP,1.5,
A8967,CRM,<0.02,0.01
A8968,BLK,ND,0.005
A8969,DUP,1.5,
A8970,CRM,<0.02,0.01
A8971,BLK,ND,0.005
A8972,DUP,1.5,
A8973,CRM,<0.02,0.01
A8974,BLK,ND,0.005
A8975,DUP,1.5,
A8976,CRM,<0.02,0.01
A8977,BLK,ND,0.005
A8978,DUP,1.5,
A8979,CRM,<0.02,0.01
A8980,BLK,ND,0.005
A8981,DUP,1.5,
A8982,CRM,<0.02,0.01
A8983,BLK,ND,0.005
A8984,DUP,1.5,
A8985,CRM,<0.02,0.01
A8986,BLK,ND,0.005
A8987,DUP,1.5,
A8988,CRM,<0.02,0.01
A8989,BLK,ND,0.005
A8990,DUP,1.5,
A8991,CRM,<0.02,0.01
A8992,BLK,ND,0.005
A8993,DUP,1.5,
A8994,CRM,<0.02,0.01
A8995,BLK,ND,0.005
A8996,DUP,1.5,
A8997,CRM,<0.02,0.01
A8998,BLK,ND,0.005
A8999,DUP,1.5,
A9000,CRM,<0.02,0.01
A9001,BLK,ND,0.005
A9002,DUP,1.5,
A9003,CRM,<0.02,0.01
A9004,BLK,ND,0.005
A9005,DUP,1.5,
A9006,CRM,<0.02,0.01
A9007,BLK,ND,0.005
A9008,DUP,1.5,
A9009,CRM,<0.02,0.01
A9010,BLK,ND,0.005
A9011,DUP,1.5,
A9012,CRM,<0.02,0.01
A9013,BLK,ND,0.005
A9014,DUP,1.5,
A9015,CRM,<0.02,0.01
A9016,BLK,ND,0.005
A9017,DUP,1.5,
A9018,CRM,<0.02,0.01
A9019,BLK,ND,0.005
A9020,DUP,1.5,
A9021,CRM,<0.02,0.01
A9022,BLK,ND,0.005
A9023,DUP,1.5,
A9024,CRM,<0.02,0.01
A9025,BLK,ND,0.005
A9026,DUP,1.5,
A9027,CRM,<0.02,0.01
A9028,BLK,ND,0.005
A9029,DUP,1.5,
A9030,CRM,<0.02,0.01
A9031,BLK,ND,0.005
A9032,DUP,1.5,
A9033,CRM,<0.02,0.01
A9034,BLK,ND,0.005
A9035,DUP,1.5,
A9036,CRM,<0.02,0.01
A9037,BLK,ND,0.005
A9038,DUP,1.5,
A9039,CRM,<0.02,0.01
A9040,BLK,ND,0.005
A9041,DUP,1.5,
A9042,CRM,<0.02,0.01
A9043,BLK,ND,0.005
A9044,DUP,1.5,
A9045,CRM,<0.02,0.01
A9046,BLK,ND,0.005
A9047,DUP,1.5,
A9048,CRM,<0.02,0.01
A9049,BLK,ND,0.005
A9050,DUP,1.5,
A9051,CRM,<0.02,0.01
A9052,BLK,ND,0.005
A9053,DUP,1.5,
A9054,CRM,<0.02,0.01
A9055,BLK,ND,0.005
A9056,DUP,1.5,
A9057,CRM,<0.02,0.01
A9058,BLK,ND,0.005
A9059,DUP,1.5,
A9060,CRM,<0.02,0.01
A9061,BLK,ND,0.005
A9062,DUP,1.5,
A9063,CRM,<0.02,0.01
A9064,BLK,ND,0.005
A9065,DUP,1.5,
A9066,CRM,<0.02,0.01
A9067,BLK,ND,0.005
A9068,DUP,1.5,
A9069,CRM,<0.02,0.01
A9070,BLK,ND,0.005
A9071,DUP,1.5,
A9072,CRM,<0.02,0.01
A9073,BLK,ND,0.005
A9074,DUP,1.5,
A9075,CRM,<0.02,0.01
A9076,BLK,ND,0.005
A9077,DUP,1.5,
A9078,CRM,<0.02,0.01
A9079,BLK,ND,0.005
A9080,DUP,1.5,
A9081,CRM,<0.02,0.01
A9082,BLK,ND,0.005
A9083,DUP,1.5,
A9084,CRM,<0.02,0.01
A9085,BLK,ND,0.005
A9086,DUP,1.5,
A9087,CRM,<0.02,0.01
A9088,BLK,ND,0.005
A9089,DUP,1.5,
A9090,CRM,<0.02,0.01
A9091,BLK,ND,0.005
A9092,DUP,1.5,
A9093,CRM,<0.02,0.01
A9094,BLK,ND,0.005
A9095,DUP,1.5,
A9096,CRM,<0.02,0.01
A9097,BLK,ND,0.005
A9098,DUP,1.5,
A9099,CRM,<0.02,0.01
A9100,BLK,ND,0.005
A9101,DUP,1.5,
A9102,CRM,<0.02,0.01
A9103,BLK,ND,0.005
A9104,DUP,1.5,
A9105,CRM,<0.02,0.01
A9106,BLK,ND,0.005
A9107,DUP,1.5,
A9108,CRM,<0.02,0.01
A9109,BLK,ND,0.005
A9110,DUP,1.5,
A9111,CRM,<0.02,0.01
A9112,BLK,ND,0.005
A9113,DUP,1.5,
A9114,CRM,<0.02,0.01
A9115,BLK,ND,0.005
A9116,DUP,1.5,
A9117,CRM,<0.02,0.01
A9118,BLK,ND,0.005
A9119,DUP,1.5,
A9120,CRM,<0.02,0.01
A9121,BLK,ND,0.005
A9122,DUP,1.5,
A9123,CRM,<0.02,0.01
A9124,BLK,ND,0.005
A9125,DUP,1.5,
A9126,CRM,<0.02,0.01
A9127,BLK,ND,0.005
A9128,DUP,1.5,
A9129,CRM,<0.02,0.01
A9130,BLK,ND,0.005
A9131,DUP,1.5,
A9132,CRM,<0.02,0.01
A9133,BLK,ND,0.005
A9134,DUP,1.5,
A9135,CRM,<0.02,0.01
A9136,BLK,ND,0.005
A9137,DUP,1.5,
A9138,CRM,<0.02,0.01
A9139,BLK,ND,0.005
A9140,DUP,1.5,
A9141,CRM,<0.02,0.01
A9142,BLK,ND,0.005
A9143,DUP,1.5,
A9144,CRM,<0.02,0.01
A9145,BLK,ND,0.005
A9146,DUP,1.5,
A9147,CRM,<0.02,0.01
A9148,BLK,ND,0.005
A9149,DUP,1.5,
A9150,CRM,<0.02,0.01
A9151,BLK,ND,0.005
A9152,DUP,1.5,
A9153,CRM,<0.02,0.01
A9154,BLK,ND,0.005
A9155,DUP,1.5,
A9156,CRM,<0.02,0.01
A9157,BLK,ND,0.005
A9158,DUP,1.5,
A9159,CRM,<0.02,0.01
A9160,BLK,ND,0.005
A9161,DUP,1.5,
A9162,CRM,<0.02,0.01
A9163,BLK,ND,0.005
A9164,DUP,1.5,
A9165,CRM,<0.02,0.01
A9166,BLK,ND,0.005
A9167,DUP,1.5,
A9168,CRM,<0.02,0.01
A9169,BLK,ND,0.005
A9170,DUP,1.5,
A9171,CRM,<0.02,0.01
A9172,BLK,ND,0.005
A9173,DUP,1.5,
A9174,CRM,<0.02,0.01
A9175,BLK,ND,0.005
A9176,DUP,1.5,
A9177,CRM,<0.02,0.01
A9178,BLK,ND,0.005
A9179,DUP,1.5,
A9180,CRM,<0.02,0.01
A9181,BLK,ND,0.005
A9182,DUP,1.5,
A9183,CRM,<0.02,0.01
A9184,BLK,ND,0.005
A9185,DUP,1.5,
A9186,CRM,<0.02,0.01
A9187,BLK,ND,0.005
A9188,DUP,1.5,
A9189,CRM,<0.02,0.01
A9190,BLK,ND,0.005
A9191,DUP,1.5,
A9192,CRM,<0.02,0.01
A9193,BLK,ND,0.005
A9194,DUP,1.5,
A9195,CRM,<0.02,0.01
A9196,BLK,ND,0.005
A9197,DUP,1.5,
A9198,CRM,<0.02,0.01
A9199,BLK,ND,0.005
A9200,DUP,1.5,
A9201,CRM,<0.02,0.01
A9202,BLK,ND,0.005
A9203,DUP,1.5,
A9204,CRM,<0.02,0.01
A9205,BLK,ND,0.005
A9206,DUP,1.5,
A9207,CRM,<0.02,0.01
A9208,BLK,ND,0.005
A9209,DUP,1.5,
A9210,CRM,<0.02,0.01
A9211,BLK,ND,0.005
A9212,DUP,1.5,
A9213,CRM,<0.02,0.01
A9214,BLK,ND,0.005
A9215,DUP,1.5,
A9216,CRM,<0.02,0.01
A9217,BLK,ND,0.005
A9218,DUP,1.5,
A9219,CRM,<0.02,0.01
A9220,BLK,ND,0.005
A9221,DUP,1.5,
A9222,CRM,<0.02,0.01
A9223,BLK,ND,0.005
A9224,DUP,1.5,
A9225,CRM,<0.02,0.01
A9226,BLK,ND,0.005
A9227,DUP,1.5,
A9228,CRM,<0.02,0.01
A9229,BLK,ND,0.005
A9230,DUP,1.5,
A9231,CRM,<0.02,0.01
A9232,BLK,ND,0.005
A9233,DUP,1.5,
A9234,CRM,<0.02,0.01
A9235,BLK,ND,0.005
A9236,DUP,1.5,
A9237,CRM,<0.02,0.01
A9238,BLK,ND,0.005
A9239,DUP,1.5,
A9240,CRM,<0.02,0.01
A9241,BLK,ND,0.005
A9242,DUP,1.5,
A9243,CRM,<0.02,0.01
A9244,BLK,ND,0.005
A9245,DUP,1.5,
A9246,CRM,<0.02,0.01
A9247,BLK,ND,0.005
A9248,DUP,1.5,
A9249,CRM,<0.02,0.01
A9250,BLK,ND,0.005
A9251,DUP,1.5,
A9252,CRM,<0.02,0.01
A9253,BLK,ND,0.005
A9254,DUP,1.5,
A9255,CRM,<0.02,0.01
A9256,BLK,ND,0.005
A9257,DUP,1.5,
A9258,CRM,<0.02,0.01
A9259,BLK,ND,0.005
A9260,DUP,1.5,
A9261,CRM,<0.02,0.01
A9262,BLK,ND,0.005
A9263,DUP,1.5,
A9264,CRM,<0.02,0.01
A9265,BLK,ND,0.005
A9266,DUP,1.5,
A9267,CRM,<0.02,0.01
A9268,BLK,ND,0.005
A9269,DUP,1.5,
A9270,CRM,<0.02,0.01
A9271,BLK,ND,0.005
A9272,DUP,1.5,
A9273,CRM,<0.02,0.01
A9274,BLK,ND,0.005
A9275,DUP,1.5,
A9276,CRM,<0.02,0.01
A9277,BLK,ND,0.005
A9278,DUP,1.5,
A9279,CRM,<0.02,0.01
A9280,BLK,ND,0.005
A9281,DUP,1.5,
A9282,CRM,<0.02,0.01
A9283,BLK,ND,0.005
A9284,DUP,1.5,
A9285,CRM,<0.02,0.01
A9286,BLK,ND,0.005
A9287,DUP,1.5,
A9288,CRM,<0.02,0.01
A9289,BLK,ND,0.005
A9290,DUP,1.5,
A9291,CRM,<0.02,0.01
A9292,BLK,ND,0.005
A9293,DUP,1.5,
A9294,CRM,<0.02,0.01
A9295,BLK,ND,0.005
A9296,DUP,1.5,
A9297,CRM,<0.02,0.01
A9298,BLK,ND,0.005
A9299,DUP,1.5,
A9300,CRM,<0.02,0.01
A9301,BLK,ND,0.005
A9302,DUP,1.5,
A9303,CRM,<0.02,0.01
A9304,BLK,ND,0.005
A9305,DUP,1.5,
A9306,CRM,<0.02,0.01
A9307,BLK,ND,0.005
A9308,DUP,1.5,
A9309,CRM,<0.02,0.01
A9310,BLK,ND,0.005
A9311,DUP,1.5,
A9312,CRM,<0.02,0.01
A9313,BLK,ND,0.005
A9314,DUP,1.5,
A9315,CRM,<0.02,0.01
A9316,BLK,ND,0.005
A9317,DUP,1.5,
A9318,CRM,<0.02,0.01
A9319,BLK,ND,0.005
A9320,DUP,1.5,
A9321,CRM,<0.02,0.01
A9322,BLK,ND,0.005
A9323,DUP,1.5,
A9324,CRM,<0.02,0.01
A9325,BLK,ND,0.005
A9326,DUP,1.5,
A9327,CRM,<0.02,0.01
A9328,BLK,ND,0.005
A9329,DUP,1.5,
A9330,CRM,<0.02,0.01
A9331,BLK,ND,0.005
A9332,DUP,1.5,
A9333,CRM,<0.02,0.01
A9334,BLK,ND,0.005
A9335,DUP,1.5,
A9336,CRM,<0.02,0.01
A9337,BLK,ND,0.005
A9338,DUP,1.5,
A9339,CRM,<0.02,0.01
A9340,BLK,ND,0.005
A9341,DUP,1.5,
A9342,CRM,<0.02,0.01
A9343,BLK,ND,0.005
A9344,DUP,1.5,
A9345,CRM,<0.02,0.01
A9346,BLK,ND,0.005
A9347,DUP,1.5,
A9348,CRM,<0.02,0.01
A9349,BLK,ND,0.005
A9350,DUP,1.5,
A9351,CRM,<0.02,0.01
A9352,BLK,ND,0.005
A9353,DUP,1.5,
A9354,CRM,<0.02,0.01
A9355,BLK,ND,0.005
A9356,DUP,1.5,
A9357,CRM,<0.02,0.01
A9358,BLK,ND,0.005
A9359,DUP,1.5,
A9360,CRM,<0.02,0.01
A9361,BLK,ND,0.005
A9362,DUP,1.5,
A9363,CRM,<0.02,0.01
A9364,BLK,ND,0.005
A9365,DUP,1.5,
A9366,CRM,<0.02,0.01
A9367,BLK,ND,0.005
A9368,DUP,1.5,
A9369,CRM,<0.02,0.01
A9370,BLK,ND,0.005
A9371,DUP,1.5,
A9372,CRM,<0.02,0.01
A9373,BLK,ND,0.005
A9374,DUP,1.5,
A9375,CRM,<0.02,0.01
A9376,BLK,ND,0.005
A9377,DUP,1.5,
A9378,CRM,<0.02,0.01
A9379,BLK,ND,0.005
A9380,DUP,1.5,
A9381,CRM,<0.02,0.01
A9382,BLK,ND,0.005
A9383,DUP,1.5,
A9384,CRM,<0.02,0.01
A9385,BLK,ND,0.005
A9386,DUP,1.5,
A9387,CRM,<0.02,0.01
A9388,BLK,ND,0.005
A9389,DUP,1.5,
A9390,CRM,<0.02,0.01
A9391,BLK,ND,0.005
A9392,DUP,1.5,
A9393,CRM,<0.02,0.01
A9394,BLK,ND,0.005
A9395,DUP,1.5,
A9396,CRM,<0.02,0.01
A9397,BLK,ND,0.005
A9398,DUP,1.5,
A9399,CRM,<0.02,0.01
A9400,BLK,ND,0.005
A9401,DUP,1.5,
A9402,CRM,<0.02,0.01
A9403,BLK,ND,0.005
A9404,DUP,1.5,
A9405,CRM,<0.02,0.01
A9406,BLK,ND,0.005
A9407,DUP,1.5,
A9408,CRM,<0.02,0.01
A9409,BLK,ND,0.005
A9410,DUP,1.5,
A9411,CRM,<0.02,0.01
A9412,BLK,ND,0.005
A9413,DUP,1.5,
A9414,CRM,<0.02,0.01
A9415,BLK,ND,0.005
A9416,DUP,1.5,
A9417,CRM,<0.02,0.01
A9418,BLK,ND,0.005
A9419,DUP,1.5,
A9420,CRM,<0.02,0.01
A9421,BLK,ND,0.005
A9422,DUP,1.5,
A9423,CRM,<0.02,0.01
A9424,BLK,ND,0.005
A9425,DUP,1.5,
A9426,CRM,<0.02,0.01
A9427,BLK,ND,0.005
A9428,DUP,1.5,
A9429,CRM,<0.02,0.01
A9430,BLK,ND,0.005
A9431,DUP,1.5,
A9432,CRM,<0.02,0.01
A9433,BLK,ND,0.005
A9434,DUP,1.5,
A9435,CRM,<0.02,0.01
A9436,BLK,ND,0.005
A9437,DUP,1.5,
A9438,CRM,<0.02,0.01
A9439,BLK,ND,0.005
A9440,DUP,1.5,
A9441,CRM,<0.02,0.01
A9442,BLK,ND,0.005
A9443,DUP,1.5,
A9444,CRM,<0.02,0.01
A9445,BLK,ND,0.005
A9446,DUP,1.5,
A9447,CRM,<0.02,0.01
A9448,BLK,ND,0.005
A9449,DUP,1.5,
A9450,CRM,<0.02,0.01
A9451,BLK,ND,0.005
A9452,DUP,1.5,
A9453,CRM,<0.02,0.01
A9454,BLK,ND,0.005
A9455,DUP,1.5,
A9456,CRM,<0.02,0.01
A9457,BLK,ND,0.005
A9458,DUP,1.5,
A9459,CRM,<0.02,0.01
A9460,BLK,ND,0.005
A9461,DUP,1.5,
A9462,CRM,<0.02,0.01
A9463,BLK,ND,0.005
A9464,DUP,1.5,
A9465,CRM,<0.02,0.01
A9466,BLK,ND,0.005
A9467,DUP,1.5,
A9468,CRM,<0.02,0.01
A9469,BLK,ND,0.005
A9470,DUP,1.5,
A9471,CRM,<0.02,0.01
A9472,BLK,ND,0.005
A9473,DUP,1.5,
A9474,CRM,<0.02,0.01
A9475,BLK,ND,0.005
A9476,DUP,1.5,
A9477,CRM,<0.02,0.01
A9478,BLK,ND,0.005
A9479,DUP,1.5,
A9480,CRM,<0.02,0.01
A9481,BLK,ND,0.005
A9482,DUP,1.5,
A9483,CRM,<0.02,0.01
A9484,BLK,ND,0.005
A9485,DUP,1.5,
A9486,CRM,<0.02,0.01
A9487,BLK,ND,0.005
A9488,DUP,1.5,
A9489,CRM,<0.02,0.01
A9490,BLK,ND,0.005
A9491,DUP,1.5,
A9492,CRM,<0.02,0.01
A9493,BLK,ND,0.005
A9494,DUP,1.5,
A9495,CRM,<0.02,0.01
A9496,BLK,ND,0.005
A9497,DUP,1.5,
A9498,CRM,<0.02,0.01
A9499,BLK,ND,0.005
A9500,DUP,1.5,
A9501,CRM,<0.02,0.01
A9502,BLK,ND,0.005
A9503,DUP,1.5,
A9504,CRM,<0.02,0.01
A9505,BLK,ND,0.005
A9506,DUP,1.5,
A9507,CRM,<0.02,0.01
A9508,BLK,ND,0.005
A9509,DUP,1.5,
A9510,CRM,<0.02,0.01
A9511,BLK,ND,0.005
A9512,DUP,1.5,
A9513,CRM,<0.02,0.01
A9514,BLK,ND,0.005
A9515,DUP,1.5,
A9516,CRM,<0.02,0.01
A9517,BLK,ND,0.005
A9518,DUP,1.5,
A9519,CRM,<0.02,0.01
A9520,BLK,ND,0.005
A9521,DUP,1.5,
A9522,CRM,<0.02,0.01
A9523,BLK,ND,0.005
A9524,DUP,1.5,
A9525,CRM,<0.02,0.01
A9526,BLK,ND,0.005
A9527,DUP,1.5,
A9528,CRM,<0.02,0.01
A9529,BLK,ND,0.005
A9530,DUP,1.5,
A9531,CRM,<0.02,0.01
A9532,BLK,ND,0.005
A9533,DUP,1.5,
A9534,CRM,<0.02,0.01
A9535,BLK,ND,0.005
A9536,DUP,1.5,
A9537,CRM,<0.02,0.01
A9538,BLK,ND,0.005
A9539,DUP,1.5,
A9540,CRM,<0.02,0.01
A9541,BLK,ND,0.005
A9542,DUP,1.5,
A9543,CRM,<0.02,0.01
A9544,BLK,ND,0.005
A9545,DUP,1.5,
A9546,CRM,<0.02,0.01
A9547,BLK,ND,0.005
A9548,DUP,1.5,
A9549,CRM,<0.02,0.01
A9550,BLK,ND,0.005
A9551,DUP,1.5,
A9552,CRM,<0.02,0.01
A9553,BLK,ND,0.005
A9554,DUP,1.5,
A9555,CRM,<0.02,0.01
A9556,BLK,ND,0.005
A9557,DUP,1.5,
A9558,CRM,<0.02,0.01
A9559,BLK,ND,0.005
A9560,DUP,1.5,
A9561,CRM,<0.02,0.01
A9562,BLK,ND,0.005
A9563,DUP,1.5,
A9564,CRM,<0.02,0.01
A9565,BLK,ND,0.005
A9566,DUP,1.5,
A9567,CRM,<0.02,0.01
A9568,BLK,ND,0.005
A9569,DUP,1.5,
A9570,CRM,<0.02,0.01
A9571,BLK,ND,0.005
A9572,DUP,1.5,
A9573,CRM,<0.02,0.01
A9574,BLK,ND,0.005
A9575,DUP,1.5,
A9576,CRM,<0.02,0.01
A9577,BLK,ND,0.005
A9578,DUP,1.5,
A9579,CRM,<0.02,0.01
A9580,BLK,ND,0.005
A9581,DUP,1.5,
A9582,CRM,<0.02,0.01
A9583,BLK,ND,0.005
A9584,DUP,1.5,
A9585,CRM,<0.02,0.01
A9586,BLK,ND,0.005
A9587,DUP,1.5,
A9588,CRM,<0.02,0.01
A9589,BLK,ND,0.005
A9590,DUP,1.5,
A9591,CRM,<0.02,0.01
A9592,BLK,ND,0.005
A9593,DUP,1.5,
A9594,CRM,<0.02,0.01
A9595,BLK,ND,0.005
A9596,DUP,1.5,
A9597,CRM,<0.02,0.01
A9598,BLK,ND,0.005
A9599,DUP,1.5,
A9600,CRM,<0.02,0.01
A9601,BLK,ND,0.005
A9602,DUP,1.5,
A9603,CRM,<0.02,0.01
A9604,BLK,ND,0.005
A9605,DUP,1.5,
A9606,CRM,<0.02,0.01
A9607,BLK,ND,0.005
A9608,DUP,1.5,
A9609,CRM,<0.02,0.01
A9610,BLK,ND,0.005
A9611,DUP,1.5,
A9612,CRM,<0.02,0.01
A9613,BLK,ND,0.005
A9614,DUP,1.5,
A9615,CRM,<0.02,0.01
A9616,BLK,ND,0.005
A9617,DUP,1.5,
A9618,CRM,<0.02,0.01
A9619,BLK,ND,0.005
A9620,DUP,1.5,
A9621,CRM,<0.02,0.01
A9622,BLK,ND,0.005
A9623,DUP,1.5,
A9624,CRM,<0.02,0.01
A9625,BLK,ND,0.005
A9626,DUP,1.5,
A9627,CRM,<0.02,0.01
A9628,BLK,ND,0.005
A9629,DUP,1.5,
A9630,CRM,<0.02,0.01
A9631,BLK,ND,0.005
A9632,DUP,1.5,
A9633,CRM,<0.02,0.01
A9634,BLK,ND,0.005
A9635,DUP,1.5,
A9636,CRM,<0.02,0.01
A9637,BLK,ND,0.005
A9638,DUP,1.5,
A9639,CRM,<0.02,0.01
A9640,BLK,ND,0.005
A9641,DUP,1.5,
A9642,CRM,<0.02,0.01
A9643,BLK,ND,0.005
A9644,DUP,1.5,
A9645,CRM,<0.02,0.01
A9646,BLK,ND,0.005
A9647,DUP,1.5,
A9648,CRM,<0.02,0.01
A9649,BLK,ND,0.005
A9650,DUP,1.5,
A9651,CRM,<0.02,0.01
A9652,BLK,ND,0.005
A9653,DUP,1.5,
A9654,CRM,<0.02,0.01
A9655,BLK,ND,0.005
A9656,DUP,1.5,
A9657,CRM,<0.02,0.01
A9658,BLK,ND,0.005
A9659,DUP,1.5,
A9660,CRM,<0.02,0.01
A9661,BLK,ND,0.005
A9662,DUP,1.5,
A9663,CRM,<0.02,0.01
A9664,BLK,ND,0.005
A9665,DUP,1.5,
A9666,CRM,<0.02,0.01
A9667,BLK,ND,0.005
A9668,DUP,1.5,
A9669,CRM,<0.02,0.01
A9670,BLK,ND,0.005
A9671,DUP,1.5,
A9672,CRM,<0.02,0.01
A9673,BLK,ND,0.005
A9674,DUP,1.5,
A9675,CRM,<0.02,0.01
A9676,BLK,ND,0.005
A9677,DUP,1.5,
A9678,CRM,<0.02,0.01
A9679,BLK,ND,0.005
A9680,DUP,1.5,
A9681,CRM,<0.02,0.01
A9682,BLK,ND,0.005
A9683,DUP,1.5,
A9684,CRM,<0.02,0.01
A9685,BLK,ND,0.005
A9686,DUP,1.5,
A9687,CRM,<0.02,0.01
A9688,BLK,ND,0.005
A9689,DUP,1.5,
A9690,CRM,<0.02,0.01
A9691,BLK,ND,0.005
A9692,DUP,1.5,
A9693,CRM,<0.02,0.01
A9694,BLK,ND,0.005
A9695,DUP,1.5,
A9696,CRM,<0.02,0.01
A9697,BLK,ND,0.005
A9698,DUP,1.5,
A9699,CRM,<0.02,0.01
A9700,BLK,ND,0.005
A9701,DUP,1.5,
A9702,CRM,<0.02,0.01
A9703,BLK,ND,0.005
A9704,DUP,1.5,
A9705,CRM,<0.02,0.01
A9706,BLK,ND,0.005
A9707,DUP,1.5,
A9708,CRM,<0.02,0.01
A9709,BLK,ND,0.005
A9710,DUP,1.5,
A9711,CRM,<0.02,0.01
A9712,BLK,ND,0.005
A9713,DUP,1.5,
A9714,CRM,<0.02,0.01
A9715,BLK,ND,0.005
A9716,DUP,1.5,
A9717,CRM,<0.02,0.01
A9718,BLK,ND,0.005
A9719,DUP,1.5,
A9720,CRM,<0.02,0.01
A9721,BLK,ND,0.005
A9722,DUP,1.5,
A9723,CRM,<0.02,0.01
A9724,BLK,ND,0.005
A9725,DUP,1.5,
A9726,CRM,<0.02,0.01
A9727,BLK,ND,0.005
A9728,DUP,1.5,
A9729,CRM,<0.02,0.01
A9730,BLK,ND,0.005
A9731,DUP,1.5,
A9732,CRM,<0.02,0.01
A9733,BLK,ND,0.005
A9734,DUP,1.5,
A9735,CRM,<0.02,0.01
A9736,BLK,ND,0.005
A9737,DUP,1.5,
A9738,CRM,<0.02,0.01
A9739,BLK,ND,0.005
A9740,DUP,1.5,
A9741,CRM,<0.02,0.01
A9742,BLK,ND,0.005
A9743,DUP,1.5,
A9744,CRM,<0.02,0.01
A9745,BLK,ND,0.005
A9746,DUP,1.5,
A9747,CRM,<0.02,0.01
A9748,BLK,ND,0.005
A9749,DUP,1.5,
A9750,CRM,<0.02,0.01
A9751,BLK,ND,0.005
A9752,DUP,1.5,
A9753,CRM,<0.02,0.01
A9754,BLK,ND,0.005
A9755,DUP,1.5,
A9756,CRM,<0.02,0.01
A9757,BLK,ND,0.005
A9758,DUP,1.5,
A9759,CRM,<0.02,0.01
A9760,BLK,ND,0.005
A9761,DUP,1.5,
A9762,CRM,<0.02,0.01
A9763,BLK,ND,0.005
A9764,DUP,1.5,
A9765,CRM,<0.02,0.01
A9766,BLK,ND,0.005
A9767,DUP,1.5,
A9768,CRM,<0.02,0.01
A9769,BLK,ND,0.005
A9770,DUP,1.5,
A9771,CRM,<0.02,0.01
A9772,BLK,ND,0.005
A9773,DUP,1.5,
A9774,CRM,<0.02,0.01
A9775,BLK,ND,0.005
A9776,DUP,1.5,
A9777,CRM,<0.02,0.01
A9778,BLK,ND,0.005
A9779,DUP,1.5,
A9780,CRM,<0.02,0.01
A9781,BLK,ND,0.005
A9782,DUP,1.5,
A9783,CRM,<0.02,0.01
A9784,BLK,ND,0.005
A9785,DUP,1.5,
A9786,CRM,<0.02,0.01
A9787,BLK,ND,0.005
A9788,DUP,1.5,
A9789,CRM,<0.02,0.01
A9790,BLK,ND,0.005
A9791,DUP,1.5,
A9792,CRM,<0.02,0.01
A9793,BLK,ND,0.005
A9794,DUP,1.5,
A9795,CRM,<0.02,0.01
A9796,BLK,ND,0.005
A9797,DUP,1.5,
A9798,CRM,<0.02,0.01
A9799,BLK,ND,0.005
A9800,DUP,1.5,
A9801,CRM,<0.02,0.01
A9802,BLK,ND,0.005
A9803,DUP,1.5,
A9804,CRM,<0.02,0.01
A9805,BLK,ND,0.005
A9806,DUP,1.5,
A9807,CRM,<0.02,0.01
A9808,BLK,ND,0.005
A9809,DUP,1.5,
A9810,CRM,<0.02,0.01
A9811,BLK,ND,0.005
A9812,DUP,1.5,
A9813,CRM,<0.02,0.01
A9814,BLK,ND,0.005
A9815,DUP,1.5,
A9816,CRM,<0.02,0.01
A9817,BLK,ND,0.005
A9818,DUP,1.5,
A9819,CRM,<0.02,0.01
A9820,BLK,ND,0.005
A9821,DUP,1.5,
A9822,CRM,<0.02,0.01
A9823,BLK,ND,0.005
A9824,DUP,1.5,
A9825,CRM,<0.02,0.01
A9826,BLK,ND,0.005
A9827,DUP,1.5,
A9828,CRM,<0.02,0.01
A9829,BLK,ND,0.005
A9830,DUP,1.5,
A9831,CRM,<0.02,0.01
A9832,BLK,ND,0.005
A9833,DUP,1.5,
A9834,CRM,<0.02,0.01
A9835,BLK,ND,0.005
A9836,DUP,1.5,
A9837,CRM,<0.02,0.01
A9838,BLK,ND,0.005
A9839,DUP,1.5,
A9840,CRM,<0.02,0.01
A9841,BLK,ND,0.005
A9842,DUP,1.5,
A9843,CRM,<0.02,0.01
A9844,BLK,ND,0.005
A9845,DUP,1.5,
A9846,CRM,<0.02,0.01
A9847,BLK,ND,0.005
A9848,DUP,1.5,
A9849,CRM,<0.02,0.01
A9850,BLK,ND,0.005
A9851,DUP,1.5,
A9852,CRM,<0.02,0.01
A9853,BLK,ND,0.005
A9854,DUP,1.5,
A9855,CRM,<0.02,0.01
A9856,BLK,ND,0.005
A9857,DUP,1.5,
A9858,CRM,<0.02,0.01
A9859,BLK,ND,0.005
A9860,DUP,1.5,
A9861,CRM,<0.02,0.01
A9862,BLK,ND,0.005
A9863,DUP,1.5,
A9864,CRM,<0.02,0.01
A9865,BLK,ND,0.005
A9866,DUP,1.5,
A9867,CRM,<0.02,0.01
A9868,BLK,ND,0.005
A9869,DUP,1.5,
A9870,CRM,<0.02,0.01
A9871,BLK,ND,0.005
A9872,DUP,1.5,
A9873,CRM,<0.02,0.01
A9874,BLK,ND,0.005
A9875,DUP,1.5,
A9876,CRM,<0.02,0.01
A9877,BLK,ND,0.005
A9878,DUP,1.5,
A9879,CRM,<0.02,0.01
A9880,BLK,ND,0.005
A9881,DUP,1.5,
A9882,CRM,<0.02,0.01
A9883,BLK,ND,0.005
A9884,DUP,1.5,
A9885,CRM,<0.02,0.01
A9886,BLK,ND,0.005
A9887,DUP,1.5,
A9888,CRM,<0.02,0.01
A9889,BLK,ND,0.005
A9890,DUP,1.5,
A9891,CRM,<0.02,0.01
A9892,BLK,ND,0.005
A9893,DUP,1.5,
A9894,CRM,<0.02,0.01
A9895,BLK,ND,0.005
A9896,DUP,1.5,
A9897,CRM,<0.02,0.01
A9898,BLK,ND,0.005
A9899,DUP,1.5,
A9900,CRM,<0.02,0.01
A9901,BLK,ND,0.005
A9902,DUP,1.5,
A9903,CRM,<0.02,0.01
A9904,BLK,ND,0.005
A9905,DUP,1.5,
A9906,CRM,<0.02,0.01
A9907,BLK,ND,0.005
A9908,DUP,1.5,
A9909,CRM,<0.02,0.01
A9910,BLK,ND,0.005
A9911,DUP,1.5,
A9912,CRM,<0.02,0.01
A9913,BLK,ND,0.005
A9914,DUP,1.5,
A9915,CRM,<0.02,0.01
A9916,BLK,ND,0.005
A9917,DUP,1.5,
A9918,CRM,<0.02,0.01
A9919,BLK,ND,0.005
A9920,DUP,1.5,
A9921,CRM,<0.02,0.01
A9922,BLK,ND,0.005
A9923,DUP,1.5,
A9924,CRM,<0.02,0.01
A9925,BLK,ND,0.005
A9926,DUP,1.5,
A9927,CRM,<0.02,0.01
A9928,BLK,ND,0.005
A9929,DUP,1.5,
A9930,CRM,<0.02,0.01
A9931,BLK,ND,0.005
A9932,DUP,1.5,
A9933,CRM,<0.02,0.01
A9934,BLK,ND,0.005
A9935,DUP,1.5,
A9936,CRM,<0.02,0.01
A9937,BLK,ND,0.005
A9938,DUP,1.5,
A9939,CRM,<0.02,0.01
A9940,BLK,ND,0.005
A9941,DUP,1.5,
A9942,CRM,<0.02,0.01
A9943,BLK,ND,0.005
A9944,DUP,1.5,
A9945,CRM,<0.02,0.01
A9946,BLK,ND,0.005
A9947,DUP,1.5,
A9948,CRM,<0.02,0.01
A9949,BLK,ND,0.005
A9950,DUP,1.5,
A9951,CRM,<0.02,0.01
A9952,BLK,ND,0.005
A9953,DUP,1.5,
A9954,CRM,<0.02,0.01
A9955,BLK,ND,0.005
A9956,DUP,1.5,
A9957,CRM,<0.02,0.01
A9958,BLK,ND,0.005
A9959,DUP,1.5,
A9960,CRM,<0.02,0.01
A9961,BLK,ND,0.005
A9962,DUP,1.5,
A9963,CRM,<0.02,0.01
A9964,BLK,ND,0.005
A9965,DUP,1.5,
A9966,CRM,<0.02,0.01
A9967,BLK,ND,0.005
A9968,DUP,1.5,
A9969,CRM,<0.02,0.01
A9970,BLK,ND,0.005
A9971,DUP,1.5,
A9972,CRM,<0.02,0.01
A9973,BLK,ND,0.005
A9974,DUP,1.5,
A9975,CRM,<0.02,0.01
A9976,BLK,ND,0.005
A9977,DUP,1.5,
A9978,CRM,<0.02,0.01
A9979,BLK,ND,0.005
A9980,DUP,1.5,
A9981,CRM,<0.02,0.01
A9982,BLK,ND,0.005
A9983,DUP,1.5,
A9984,CRM,<0.02,0.01
A9985,BLK,ND,0.005
A9986,DUP,1.5,
A9987,CRM,<0.02,0.01
A9988,BLK,ND,0.005
A9989,DUP,1.5,
A9990,CRM,<0.02,0.01
A9991,BLK,ND,0.005
A9992,DUP,1.5,
A9993,CRM,<0.02,0.01
A9994,BLK,ND,0.005
A9995,DUP,1.5,
A9996,CRM,<0.02,0.01
A9997,BLK,ND,0.005
A9998,DUP,1.5,
A9999,CRM,<0.02,0.01
